work	category	full_files	partial_files	sanskrit_in_repo	paths
Abhidharmakośabhāṣya	Abhidharma	6	40	yes	[full] /home/sebastian/data/dharmanexus-modern-japanese/data/Saeki_1887_冠導阿毘達磨倶舎論.txt  ;  [full] /home/sebastian/data/dharmanexus-modern-japanese/data/倶舎論講義. 舟橋水哉.txt  ;  [full] /home/sebastian/data/dharmanexus-modern-japanese/data/冠導阿毘達磨倶舎論_Saeki_1887.txt  ;  [full] /home/sebastian/data/dharmanexus-modern-japanese/data/国訳大蔵経論部第11巻倶舎論.txt  ;  [full] /home/sebastian/data/dharmanexus-modern-japanese/data/国訳大蔵経論部第12巻倶舎論.txt  ;  [full] /home/sebastian/data/dharmanexus-modern-japanese/data/国訳大蔵経論部第13巻倶舎論その他.txt  ;  [partial] /home/sebastian/data/dharmanexus-modern-japanese/data/AKBh世間品.txt  ;  [partial] /home/sebastian/data/dharmanexus-modern-japanese/data/AKBh業品.txt  ;  [partial] /home/sebastian/data/dharmanexus-modern-japanese/data/AKBh界・根品.txt  ;  [partial] /home/sebastian/data/dharmanexus-modern-japanese/data/AKBh賢聖品.txt  ;  [partial] /home/sebastian/data/dharmanexus-modern-japanese/data/Murakami_村上真完_1993a@人格主体論（霊魂論）―倶舍論破我品訳注（一）_塚本啓祥教授還暦記念論文集―知の邂逅_2p.txt  ;  [partial] /home/sebastian/data/dharmanexus-modern-japanese/data/Murakami_村上真完_1993a@人格主体論（霊魂論）―倶舍論破我品訳注（一）_塚本啓祥教授還暦記念論文集―知の邂逅.txt  ;  [partial] /home/sebastian/data/dharmanexus-modern-japanese/data/Murakami_村上真完_1993a@人格主体論(霊魂論)―倶舎論破我品訳註(一)―.txt  ;  [partial] /home/sebastian/data/dharmanexus-modern-japanese/data/Murakami_村上真完_1993a_倶舎論破我品訳注1.txt  ;  [partial] /home/sebastian/data/dharmanexus-modern-japanese/data/Murakami_村上真完_1993b@人格主体論（霊魂論）―倶舍論破我品訳注（二）_渡邊文麿博士追悼記念論集―原始仏教と大乗仏教―下巻_2p.txt  ;  [partial] /home/sebastian/data/dharmanexus-modern-japanese/data/Murakami_村上真完_1993b@人格主体論(霊魂論)――倶舎論破我品訳注(二).txt  ;  [partial] /home/sebastian/data/dharmanexus-modern-japanese/data/Murakami_村上真完_1993b_倶舎論破我品訳注2.txt  ;  [partial] /home/sebastian/data/dharmanexus-modern-japanese/data/Murakami_村上真完_1993@人格主体論（霊魂論）―倶舍論破我品訳注（二）_渡邊文麿博士追悼記念論集―原始仏教と大乗仏教―下巻.txt  ;  [partial] /home/sebastian/data/dharmanexus-modern-japanese/data/Murakami_村上真完_1993_塚本啓祥教授還暦記念論文集 知の邂逅-仏教と科学@人格主体論（霊魂論）-倶舍論破我品訳注（一）-.txt  ;  [partial] /home/sebastian/data/dharmanexus-modern-japanese/data/Nasu_那須円照_2007@『倶舎論』とその諸註釈における作用をめぐる論争ー試訳ー.txt  ;  [partial] /home/sebastian/data/dharmanexus-modern-japanese/data/Nasu_那須良彦_2007@倶舎論根品心不相応行論ー世親本論と諸註釈の和訳研究（2）ー.txt  ;  [partial] /home/sebastian/data/dharmanexus-modern-japanese/data/Nasu_那須良彦_2007_倶舎論根品心不相応行論―世親本論と諸注釈の和訳研究（２）.txt  ;  [partial] /home/sebastian/data/dharmanexus-modern-japanese/data/Nasu_那須良彦_2008@倶舎論根品心不相応行論ー世親本論と諸註釈の和訳研究（3）ー.txt  ;  [partial] /home/sebastian/data/dharmanexus-modern-japanese/data/Nasu_那須良彦_2010@倶舍論根品心不相応行論―世親本論と諸註釈の和訳研究(4)―.txt  ;  [partial] /home/sebastian/data/dharmanexus-modern-japanese/data/Nasu_那須良彦_2010@倶舎論根品心不相応行論ー世親本論と諸註釈の和訳研究（4）ー.txt  ;  [partial] /home/sebastian/data/dharmanexus-modern-japanese/data/Nasu_那須良彦_2011@倶舎論根品心不相応行論ー世親本論と諸註釈の和訳研究（5）ー.txt  ;  [partial] /home/sebastian/data/dharmanexus-modern-japanese/data/Nasu_那須良彦_2012@倶舎論根品心不相応行論ー世親本論と諸註釈の和訳研究（6）ー.txt  ;  [partial] /home/sebastian/data/dharmanexus-modern-japanese/data/Nasu_那須良彦_2013@倶舎論根品心不相応行論ー世親本論と諸註釈の和訳研究（7）ー.txt  ;  [partial] /home/sebastian/data/dharmanexus-modern-japanese/data/Sakurabe Hajime_存在の分析 アビダルマ_櫻部建.txt  ;  [partial] /home/sebastian/data/dharmanexus-modern-japanese/data/Sakurabe&Odani_櫻部建・小谷信千代_1999@阿羅漢とその種性など_賢聖品.txt  ;  [partial] /home/sebastian/data/dharmanexus-modern-japanese/data/Sakurabe_櫻部建_1959_破我品の研究.txt  ;  [partial] /home/sebastian/data/dharmanexus-modern-japanese/data/Sakurabe_櫻部建_1959@破我品の研究_大谷大學研究年報12_2p.txt  ;  [partial] /home/sebastian/data/dharmanexus-modern-japanese/data/Sakurabe_櫻部建_1959@破我品の研究_大谷大學研究年報12.txt  ;  [partial] /home/sebastian/data/dharmanexus-modern-japanese/data/Sakurabe_櫻部建_1960＠破我品の研究.txt  ;  [partial] /home/sebastian/data/dharmanexus-modern-japanese/data/倶舍論の原典解明　世間品.txt  ;  [partial] /home/sebastian/data/dharmanexus-modern-japanese/data/倶舍論の原典解明　智品　定品.txt  ;  [partial] /home/sebastian/data/dharmanexus-modern-japanese/data/倶舍論の原典解明　業品.txt  ;  [partial] /home/sebastian/data/dharmanexus-modern-japanese/data/倶舍論の原典解明　賢聖品.txt  ;  [partial] /home/sebastian/data/dharmanexus-modern-japanese/data/倶舎論の原典研究随眠品.txt  ;  [partial] /home/sebastian/data/dharmanexus-modern-japanese/data/倶舎論の原典解明　界・根品.txt  ;  [partial] /home/sebastian/data/dharmanexus-modern-japanese/data/倶舎論の原典解明_賢聖品_桜部_小谷.txt  ;  [partial] /home/sebastian/data/dharmanexus-modern-japanese/data/倶舎論の研究_界・根品.txt  ;  [partial] /home/sebastian/data/dharmanexus-modern-japanese/data/眞諦譯對校阿毘達磨倶舎論第一巻. 平川彰編.txt  ;  [partial] /home/sebastian/data/dharmanexus-modern-japanese/data/眞諦譯對校阿毘達磨倶舎論第三巻. 平川彰編.txt  ;  [partial] /home/sebastian/data/dharmanexus-modern-japanese/data/眞諦譯對校阿毘達磨倶舎論第二巻. 平川彰編.txt  ;  [partial] /home/sebastian/data/dharmanexus-modern-japanese/data/破我品の研究@Sakurabe_櫻部建_1959_大谷大學研究年報12-3.txt
Mahāyānasūtrālaṃkāra	Yogacara	0	35	yes	[partial] /home/sebastian/data/dharmanexus-modern-japanese/data/Aramaki_荒牧典俊_2013@序説(『菩薩地』旧・新層)_『大乗荘厳経論』第XVII章の和訳と注解―供養・師事・無量とくに悲無量―.txt  ;  [partial] /home/sebastian/data/dharmanexus-modern-japanese/data/Hayashima_早島理_1983b@Tatva_The VIth Chapter of the MAHAYANA SUTRALAMKARA.txt  ;  [partial] /home/sebastian/data/dharmanexus-modern-japanese/data/Hayashima_早島理_1984b@経律論―MAHAYANA SUTRALAMKARA 第1～4偈―.txt  ;  [partial] /home/sebastian/data/dharmanexus-modern-japanese/data/Hayashima_早島理_1985@経律論―MAHAYANA SUTRALAMKARA第XI 第1～4偈―(承前).txt  ;  [partial] /home/sebastian/data/dharmanexus-modern-japanese/data/Hayashima_早島理_1993@大乗荘厳経論第XVIII章第82・83偈について.txt  ;  [partial] /home/sebastian/data/dharmanexus-modern-japanese/data/Hayashima_早島理_1993@大乗荘厳経論 第XVIII章 第82・83偈について.txt  ;  [partial] /home/sebastian/data/dharmanexus-modern-japanese/data/Hayashima_早島理_1994@『大乗荘厳経論』第XVIII章第84~88偈について.txt  ;  [partial] /home/sebastian/data/dharmanexus-modern-japanese/data/Hayashima_早島理_1994_長崎大学教育学部社会科学論叢47@諸行刹那滅 ksanikam sarvasamskrtam-Mahayanasutralamkara第XVIII章82・83偈の解読研究-.txt  ;  [partial] /home/sebastian/data/dharmanexus-modern-japanese/data/Hayashima_早島理_1994_長崎大学教育学部社会科学論叢48@諸行刹那滅 ksanikam sarvasamskrtam -Mahayanasutralamkara第XVIII章82・83偈の解読研究（承前）-.txt  ;  [partial] /home/sebastian/data/dharmanexus-modern-japanese/data/Hayashima_早島理_1995@『大乗荘厳経論』第XVIII第80, 81偈について.txt  ;  [partial] /home/sebastian/data/dharmanexus-modern-japanese/data/Hayashima_早島理_1995_長崎大学教育学部社会科学論叢49@諸行刹那滅 ksanikam sarvasamskrtam Mahayanasutralamkara第XVIII章82・83偈の解読研究（完）.txt  ;  [partial] /home/sebastian/data/dharmanexus-modern-japanese/data/Hayashima_早島理_1995_長崎大学教育学部社会科学論叢50@刹那滅と輪廻轉生 adhyatmikaksanikatva - Mahayanasutralamkara第XVIII章第84~88偈の解読研究.txt  ;  [partial] /home/sebastian/data/dharmanexus-modern-japanese/data/Hayashima_早島理_1995_長崎大学教育学部社会科学論叢50@刹那滅と輪廻轉生 adhyatmikaksanikatva - Mahayanasutralamkara第XVIII章第84~88偈の解読研究（完）.txt  ;  [partial] /home/sebastian/data/dharmanexus-modern-japanese/data/Hayashima_早島理_1995_長崎大学教育学部社会科学論叢50@刹那滅と輪廻轉生 adhyatmikaksanikatva - Mahayanasutralamkara第XVIII章第84~88偈の解読研究（承前）.txt  ;  [partial] /home/sebastian/data/dharmanexus-modern-japanese/data/Hayashima_早島理_mahAyAnasUtrAlaMkAra_Ⅵth chapter.txt  ;  [partial] /home/sebastian/data/dharmanexus-modern-japanese/data/Huimin_惠敏_2013@梵本《大乘莊嚴經論》慈悲喜捨_(17品・第17-28 偈) 譯注與考察.txt  ;  [partial] /home/sebastian/data/dharmanexus-modern-japanese/data/Iwamoto_岩本明美_1996a@『大乗荘厳経論』第14章「教授教誡章」の背景I―付『大乗荘厳経論』第14章世親釈和訳―.txt  ;  [partial] /home/sebastian/data/dharmanexus-modern-japanese/data/Iwamoto_岩本明美_1998@『大乗荘厳経論』第13章「修行章」ーサンスクリットテキストと和訳ー.txt  ;  [partial] /home/sebastian/data/dharmanexus-modern-japanese/data/Iwamoto_岩本明美_1998@『大乗荘厳経論』第13章「修行章」―サンスクリットテクストと和訳―.txt  ;  [partial] /home/sebastian/data/dharmanexus-modern-japanese/data/Kano_加納和雄_2013@ヴァイローチャナラクシタ作『大乗荘厳経論』注―第17章注釈箇所のテクストと試訳―.txt  ;  [partial] /home/sebastian/data/dharmanexus-modern-japanese/data/Kimura_木村誠司_2010@laksana (mtshan nyid) laksya (mtshan gzhi) laksana (mtshon pa)について―『大乗荘厳経論』「求法品」第36-43頌に対するチベット撰述注の試訳―.txt  ;  [partial] /home/sebastian/data/dharmanexus-modern-japanese/data/Morita_森田良昭_1995@『大乗荘厳経論』「菩提品」の研究 (I)―特に、スティラマティの註釈を中心として―.txt  ;  [partial] /home/sebastian/data/dharmanexus-modern-japanese/data/Morita_森田良昭_1996@『大乗荘厳経論』「菩提品」の研究III―特にスティラマティの註釈を中心として―.txt  ;  [partial] /home/sebastian/data/dharmanexus-modern-japanese/data/Nagao_長尾雅人_2003_佛教學研究58・59　渡邊隆生教授 神子上恵生教授定年記念＠『大乗荘厳経論』の和訳と注解-第一章第一偈から第六偈まで-.txt  ;  [partial] /home/sebastian/data/dharmanexus-modern-japanese/data/Nounin_能仁他_2009@『大乗荘厳経論』第I章の和訳と注解-大乗の確立-.txt  ;  [partial] /home/sebastian/data/dharmanexus-modern-japanese/data/Odani_小谷信千代_1982_大谷學報61-4@瑜伽行資糧道における法の修習について-Mahayanasutralamkara XIV, K. 4-6-.txt  ;  [partial] /home/sebastian/data/dharmanexus-modern-japanese/data/Ueno_上野隆平_2014@『大乗荘厳経論』第XI章第53-59偈ーテキストと和訳ー.txt  ;  [partial] /home/sebastian/data/dharmanexus-modern-japanese/data/『大乗荘厳経論』　和訳と註解－長尾雅人研究ノート－(1)　長尾雅人.txt  ;  [partial] /home/sebastian/data/dharmanexus-modern-japanese/data/『大乗荘厳経論』　和訳と註解－長尾雅人研究ノート－(2)　長尾雅人.txt  ;  [partial] /home/sebastian/data/dharmanexus-modern-japanese/data/『大乗荘厳経論』　和訳と註解－長尾雅人研究ノート－(3)　長尾雅人.txt  ;  [partial] /home/sebastian/data/dharmanexus-modern-japanese/data/『大乗荘厳経論』和訳と註解―長尾雅人研究ノート―(4)@Nagaobunko_長尾文庫_2011.txt  ;  [partial] /home/sebastian/data/dharmanexus-modern-japanese/data/『大乗荘厳経論』　和訳と註解－長尾雅人研究ノート－(4)　長尾雅人@Nagaobunko_長尾文庫_2011.txt  ;  [partial] /home/sebastian/data/dharmanexus-modern-japanese/data/『大乗荘厳経論』第XVII章の和訳と注解-供養・師事・無量とくに悲無量-@2013_龍谷大学仏教文化研究叢書30.txt  ;  [partial] /home/sebastian/data/dharmanexus-modern-japanese/data/『大乗荘厳経論』第XVII章の和訳と注解-供養・師事・無量とくに悲無量-@2013_龍谷大学仏教文化研究叢書30_見開.txt  ;  [partial] /home/sebastian/data/dharmanexus-modern-japanese/data/『大乗荘厳経論』「菩提品」の講読―和訳と註解―付・梵蔵漢和訳対照テキスト@Naito_内藤昭文_2009.txt
Mokṣadharma	Other	0	26	yes	[partial] /home/sebastian/data/dharmanexus-modern-japanese/data/Motegi_叙事詩の宗教哲学_Moksadharma-parvan 和訳研究(10)_信州大学教育学部紀要_93_pp_67-78_1998.txt  ;  [partial] /home/sebastian/data/dharmanexus-modern-japanese/data/Motegi_叙事詩の宗教哲学_Moksadharma-parvan 和訳研究(11)_信州大学教育学部紀要_94_pp_35-46_1998.txt  ;  [partial] /home/sebastian/data/dharmanexus-modern-japanese/data/Motegi_叙事詩の宗教哲学_Moksadharma-parvan 和訳研究(12)_信州大学教育学部紀要_96_pp_23-34_1999.txt  ;  [partial] /home/sebastian/data/dharmanexus-modern-japanese/data/Motegi_叙事詩の宗教哲学_Moksadharma-parvan 和訳研究(13)_信州大学教育学部紀要_97_pp_31-40_1999.txt  ;  [partial] /home/sebastian/data/dharmanexus-modern-japanese/data/Motegi_叙事詩の宗教哲学_Moksadharma-parvan 和訳研究(14)_信州大学教育学部紀要_98_pp_31-40_1993.txt  ;  [partial] /home/sebastian/data/dharmanexus-modern-japanese/data/Motegi_叙事詩の宗教哲学_Moksadharma-parvan 和訳研究(15)_信州大学教育学部紀要_99_pp_57-68_2000.txt  ;  [partial] /home/sebastian/data/dharmanexus-modern-japanese/data/Motegi_叙事詩の宗教哲学_Moksadharma-parvan 和訳研究(16)_信州大学教育学部紀要_100_pp_57-68_2000.txt  ;  [partial] /home/sebastian/data/dharmanexus-modern-japanese/data/Motegi_叙事詩の宗教哲学_Moksadharma-parvan 和訳研究(17)_信州大学教育学部紀要_101_pp_21-32_2000.txt  ;  [partial] /home/sebastian/data/dharmanexus-modern-japanese/data/Motegi_叙事詩の宗教哲学_Moksadharma-parvan 和訳研究(18)_信州大学教育学部紀要_101_pp_33-44_2000.txt  ;  [partial] /home/sebastian/data/dharmanexus-modern-japanese/data/Motegi_叙事詩の宗教哲学_Moksadharma-parvan 和訳研究(1)_信州大学教育学部紀要_78_pp_53-70_1993.txt  ;  [partial] /home/sebastian/data/dharmanexus-modern-japanese/data/Motegi_叙事詩の宗教哲学_Moksadharma-parvan 和訳研究(20)_信州大学教育学部紀要_103_pp_125-136_2001.txt  ;  [partial] /home/sebastian/data/dharmanexus-modern-japanese/data/Motegi_叙事詩の宗教哲学_Moksadharma-parvan 和訳研究(21)_信州大学教育学部紀要_105_pp_97-108_2002.txt  ;  [partial] /home/sebastian/data/dharmanexus-modern-japanese/data/Motegi_叙事詩の宗教哲学_Moksadharma-parvan 和訳研究(22)_信州大学教育学部紀要_114_pp_89-100_2005.txt  ;  [partial] /home/sebastian/data/dharmanexus-modern-japanese/data/Motegi_叙事詩の宗教哲学_Moksadharma-parvan 和訳研究(23)_信州大学教育学部紀要_115_pp_69-80_2005.txt  ;  [partial] /home/sebastian/data/dharmanexus-modern-japanese/data/Motegi_叙事詩の宗教哲学_Moksadharma-parvan 和訳研究(24)_信州大学教育学部紀要_116_pp_135-146_2005.txt  ;  [partial] /home/sebastian/data/dharmanexus-modern-japanese/data/Motegi_叙事詩の宗教哲学_Moksadharma-parvan 和訳研究(25)_信州大学教育学部紀要_116_pp_73-84_2006.txt  ;  [partial] /home/sebastian/data/dharmanexus-modern-japanese/data/Motegi_叙事詩の宗教哲学_Moksadharma-parvan 和訳研究(26)_信州大学教育学部紀要_119_pp_113-124_2007.txt  ;  [partial] /home/sebastian/data/dharmanexus-modern-japanese/data/Motegi_叙事詩の宗教哲学_Moksadharma-parvan 和訳研究(27)_信州大学教育学部研究論集_1_pp_151-164_2009.txt  ;  [partial] /home/sebastian/data/dharmanexus-modern-japanese/data/Motegi_叙事詩の宗教哲学_Moksadharma-parvan 和訳研究(28)_信州大学教育学部研究論集_3_pp_165-178_2010.txt  ;  [partial] /home/sebastian/data/dharmanexus-modern-japanese/data/Motegi_叙事詩の宗教哲学_Moksadharma-parvan 和訳研究(29)_信州大学教育学部研究論集_4_pp_225-236_2011.txt  ;  [partial] /home/sebastian/data/dharmanexus-modern-japanese/data/Motegi_叙事詩の宗教哲学_Moksadharma-parvan 和訳研究(2)_信州大学教育学部紀要_79_pp_117-130_1993.txt  ;  [partial] /home/sebastian/data/dharmanexus-modern-japanese/data/Motegi_叙事詩の宗教哲学_Moksadharma-parvan 和訳研究(30)_信州大学教育学部研究論集_5_pp_263-275_2012.txt  ;  [partial] /home/sebastian/data/dharmanexus-modern-japanese/data/Motegi_叙事詩の宗教哲学_Moksadharma-parvan 和訳研究(3)_信州大学教育学部紀要_81_pp_85-89_1994.txt  ;  [partial] /home/sebastian/data/dharmanexus-modern-japanese/data/Motegi_叙事詩の宗教哲学_Moksadharma-parvan 和訳研究(6)_信州大学教育学部紀要_85_pp_103-116_1995.txt  ;  [partial] /home/sebastian/data/dharmanexus-modern-japanese/data/Motegi_叙事詩の宗教哲学_Moksadharma-parvan 和訳研究(8)_信州大学教育学部紀要_86_pp_109-124_1993.txt  ;  [partial] /home/sebastian/data/dharmanexus-modern-japanese/data/Motegi_叙事詩の宗教哲学_Moksadharma-parvan 和訳研究(9)_信州大学教育学部紀要_89_pp_75-85_1996.txt
Bodhisattvabhūmi	Yogacara	0	20	yes	[partial] /home/sebastian/data/dharmanexus-modern-japanese/data/Fujita_藤田光寛_1989@〈菩薩地戒品〉和訳 (I).txt  ;  [partial] /home/sebastian/data/dharmanexus-modern-japanese/data/Fujita_藤田光寛_1990@〈菩薩地戒品〉和訳 (II).txt  ;  [partial] /home/sebastian/data/dharmanexus-modern-japanese/data/Fujita_藤田光寛_1991a@〈菩薩地戒品〉和訳 (III).txt  ;  [partial] /home/sebastian/data/dharmanexus-modern-japanese/data/Nasu_那須円照_2010＠『瑜伽師地論』「菩薩地」における如来の十力の研究(1)―和訳と註解―.txt  ;  [partial] /home/sebastian/data/dharmanexus-modern-japanese/data/Nasu_那須円照_2012@『瑜伽師地論』「菩薩地」における如来の十力の研究 (2)―和訳と註解―.txt  ;  [partial] /home/sebastian/data/dharmanexus-modern-japanese/data/Nasu_那須円照_2016@『瑜伽師地論』「菩薩地」における如来の十力の研究：十力の七門分別―和訳と註解―.txt  ;  [partial] /home/sebastian/data/dharmanexus-modern-japanese/data/Souma_相馬一意_1986a@「菩薩地」真実義章試訳.txt  ;  [partial] /home/sebastian/data/dharmanexus-modern-japanese/data/Souma_相馬一意_1986b(BoBhu1-Tr).txt  ;  [partial] /home/sebastian/data/dharmanexus-modern-japanese/data/Souma_相馬一意_1986b@梵文和訳「菩薩地」(1)―種性の章, 発心の章―.txt  ;  [partial] /home/sebastian/data/dharmanexus-modern-japanese/data/Souma_相馬一意_1987@梵文和訳「菩薩地」(2)―自利・利他の章―.txt  ;  [partial] /home/sebastian/data/dharmanexus-modern-japanese/data/Souma_相馬一意_2000@梵文和訳「菩薩地」(3)_山田明爾教授還暦記念論文集―世界文化と佛教.txt  ;  [partial] /home/sebastian/data/dharmanexus-modern-japanese/data/Takahashi_高橋晃一_2005@BBhIV_Edition_and_Translation.txt  ;  [partial] /home/sebastian/data/dharmanexus-modern-japanese/data/Wakahara_若原雄昭_2013@『菩薩地』「供養・師事・無量の章」試訳.txt  ;  [partial] /home/sebastian/data/dharmanexus-modern-japanese/data/Yaita_矢板秀臣_2008@菩薩の布施ー『菩薩地』施品の研究ー.txt  ;  [partial] /home/sebastian/data/dharmanexus-modern-japanese/data/Yaita_矢板秀臣_2010@菩薩の威力―『菩薩地』威力品の研究―.txt  ;  [partial] /home/sebastian/data/dharmanexus-modern-japanese/data/Yaita_矢板秀臣_2011@菩薩の瞑想ー『菩薩地』静慮品の研究ー.txt  ;  [partial] /home/sebastian/data/dharmanexus-modern-japanese/data/Yaita_矢板秀臣_2012@菩薩の寛容―『菩薩地』摂事品の研究―.txt  ;  [partial] /home/sebastian/data/dharmanexus-modern-japanese/data/Yaita_矢板秀臣_2013@菩薩の徳―『菩薩地』菩薩功徳品の研究―.txt  ;  [partial] /home/sebastian/data/dharmanexus-modern-japanese/data/Yaita_矢板秀臣_2014@菩薩の教導―『菩薩地』成就品の研究―.txt  ;  [partial] /home/sebastian/data/dharmanexus-modern-japanese/data/Yaita_矢板秀臣_2015@菩薩の力量―『菩薩地』力種姓品の研究―.txt
Madhyamakāloka	Madhyamaka	0	19	yes	[partial] /home/sebastian/data/dharmanexus-modern-japanese/data/Ichigo_一郷正道_1991@カマラシーラ著『中観の光』和訳研究（1）.txt  ;  [partial] /home/sebastian/data/dharmanexus-modern-japanese/data/Ichigo_一郷正道_1993@カマラシーラ著『中観の光』和訳研究（2）.txt  ;  [partial] /home/sebastian/data/dharmanexus-modern-japanese/data/Ichigo_一郷正道_1994@カマラシーラ著『中観の光』和訳研究（3）.txt  ;  [partial] /home/sebastian/data/dharmanexus-modern-japanese/data/Ichigo_一郷正道_1995@カマラシーラ著『中観の光』和訳研究（4）.txt  ;  [partial] /home/sebastian/data/dharmanexus-modern-japanese/data/Ichigo_一郷正道_1996@カマラシーラ著『中観の光』和訳研究（5）.txt  ;  [partial] /home/sebastian/data/dharmanexus-modern-japanese/data/Ichigo_一郷正道_1997@カマラシーラ著『中観の光』和訳研究（6）.txt  ;  [partial] /home/sebastian/data/dharmanexus-modern-japanese/data/Ichigo_一郷正道_1999@唯識派の提出するダルミンをめぐって　カマラシーラ著『中観の光』和訳研究（8）.txt  ;  [partial] /home/sebastian/data/dharmanexus-modern-japanese/data/Ichigo_一郷正道_1999@唯識派の提出するダルミンをめぐって　カマラシーラ著『中観の光』和訳研究（8）.txt  ;  [partial] /home/sebastian/data/dharmanexus-modern-japanese/data/Ichigo_一郷正道_2000@カマラシーラによる所依不成回避の方法　カマラシーラ著『中観の光』和訳研究（7）.txt  ;  [partial] /home/sebastian/data/dharmanexus-modern-japanese/data/Ichigo_一郷正道_2005@「直接知」「証因の属性」をめぐって　カマラシーラ著「中観の光」和訳研究10.txt  ;  [partial] /home/sebastian/data/dharmanexus-modern-japanese/data/Ichigo_一郷正道_2005@「直接知」「証因の属性」をめぐって　カマラシーラ著「中観の光」和訳研究10.txt  ;  [partial] /home/sebastian/data/dharmanexus-modern-japanese/data/Ichigo_一郷正道_2006@プラマーナによる一切法無自性論証　カマラシーラ著『中観の光』和訳研究（11）.txt  ;  [partial] /home/sebastian/data/dharmanexus-modern-japanese/data/Ichigo_一郷正道_2006@プラマーナによる一切法無自性論証　カマラシーラ著『中観の光』和訳研究（11）.txt  ;  [partial] /home/sebastian/data/dharmanexus-modern-japanese/data/Kobayashi_小林守_1986@カマラシーラの離一多論証　『中観明』試訳（上）.txt  ;  [partial] /home/sebastian/data/dharmanexus-modern-japanese/data/Kobayashi_小林守_1989@カマラシーラの離一多論証　『中観明』試訳（下）.txt  ;  [partial] /home/sebastian/data/dharmanexus-modern-japanese/data/Moriyama_森山清徹_1994@中観派と唯識派の空、二諦、三性説を巡る論争　Madhyamakaloka 和訳研究.txt  ;  [partial] /home/sebastian/data/dharmanexus-modern-japanese/data/Moriyama_森山清徹_2004@後期中観派の自己認識に関する因果関係の吟味　Madhyamakaloka和訳研究.txt  ;  [partial] /home/sebastian/data/dharmanexus-modern-japanese/data/Moriyama_森山清徹_2005@後期中観派による四極端の生起の論破とダルマキールティの因果論（下）　Madhyamakaloka和訳研究.txt  ;  [partial] /home/sebastian/data/dharmanexus-modern-japanese/data/Moriyama_森山清徹_2006@カマラシーラの因果論及びプラマーナ論の吟味とダルマキールティ　Madhyamakaloka 和訳研究.txt
Munimatālaṃkāra	Madhyamaka	0	17	yes	[partial] /home/sebastian/data/dharmanexus-modern-japanese/data/Isoda_磯田煕文_1985a@Abhyakaragupta『Munimatalamkara』(Text) (I).txt  ;  [partial] /home/sebastian/data/dharmanexus-modern-japanese/data/Isoda_磯田煕文_1988b@Abhyakaragupta『Munimatalamkara』(Text) (II).txt  ;  [partial] /home/sebastian/data/dharmanexus-modern-japanese/data/Isoda_磯田煕文_1991c@Abhyakaragupta『Munimatalamkara』(Text) (III).txt  ;  [partial] /home/sebastian/data/dharmanexus-modern-japanese/data/Isoda_磯田煕文_1998a@Abhayakaragupta『Munimatalamkara』(Text) 第II章.txt  ;  [partial] /home/sebastian/data/dharmanexus-modern-japanese/data/Isoda_磯田煕文_1998b@波羅蜜の実践―Abhayakaragupta『Munimatalamkara』第二章―_scissored.txt  ;  [partial] /home/sebastian/data/dharmanexus-modern-japanese/data/Isoda_磯田煕文_1998b@波羅蜜の実践―Abhayakaragupta『Munimatalamkara』第二章―_松長有慶_インド密教の形成と展開_法蔵館_京都.txt  ;  [partial] /home/sebastian/data/dharmanexus-modern-japanese/data/Isoda_磯田煕文_1998b@波羅蜜の実践―Abhayakaragupta『Munimatalamkara』第二章―_松長有慶_インド密教の形成と展開_法蔵館_京都.txt  ;  [partial] /home/sebastian/data/dharmanexus-modern-japanese/data/Isoda_磯田煕文_1999@『Munimatalamkara』第三章 (2)_scissored.txt  ;  [partial] /home/sebastian/data/dharmanexus-modern-japanese/data/Isoda_磯田煕文_1999@『Munimatalamkara』第三章 (2).txt  ;  [partial] /home/sebastian/data/dharmanexus-modern-japanese/data/Isoda_磯田煕文_2000a@『Munimatalamkara』第3章 (1)_scissored.txt  ;  [partial] /home/sebastian/data/dharmanexus-modern-japanese/data/Isoda_磯田煕文_2000a@『Munimatalamkara』第3章 (1).txt  ;  [partial] /home/sebastian/data/dharmanexus-modern-japanese/data/Isoda_磯田煕文_2000b@『Munimatalamkara』第三章 (3).txt  ;  [partial] /home/sebastian/data/dharmanexus-modern-japanese/data/Kano&Li_加納和雄・李学竹_2012@梵文『牟尼意趣荘厳』(Munimatalamkara)第1章の和訳と校訂―冒頭部―.txt  ;  [partial] /home/sebastian/data/dharmanexus-modern-japanese/data/Kano&Li_加納和雄&李学竹_2014@梵文『牟尼意趣荘厳』第1章末尾の校訂と和訳（fol 67v2-70r4）―『中観光明』一乗論証段の原文回収―.txt  ;  [partial] /home/sebastian/data/dharmanexus-modern-japanese/data/Li et al_李学竹等_2015@梵文和訳『牟尼意趣荘厳』ー一切法解説前半部ー.txt  ;  [partial] /home/sebastian/data/dharmanexus-modern-japanese/data/Li-Kano_李学竹-加納和雄_2014@梵文『牟尼意趣荘厳』第1章末尾の校訂と和訳（fol 67v2-70r4）―『中観光明』一乗論証段の原文回収―.txt  ;  [partial] /home/sebastian/data/dharmanexus-modern-japanese/data/Ri et al_李学竹等_2015@梵文和訳『牟尼意趣荘厳』ー一切法解説前半部ー.txt
Prajñāpradīpa	Madhyamaka	0	17	yes	[partial] /home/sebastian/data/dharmanexus-modern-japanese/data/Kajiyama_梶山雄一_1979@_バーヴァヴィヴェーカの業思想_『般若灯論』第一七章の和訳.txt  ;  [partial] /home/sebastian/data/dharmanexus-modern-japanese/data/Kajiyama_梶山雄一_1979@『知恵のともしび』第十五章（試訳）.txt  ;  [partial] /home/sebastian/data/dharmanexus-modern-japanese/data/Mochizuki_望月海慧_198903_『般若灯論』第11章試訳.txt  ;  [partial] /home/sebastian/data/dharmanexus-modern-japanese/data/Mochizuki_望月海慧_1989@『般若灯論』第11章試訳.txt  ;  [partial] /home/sebastian/data/dharmanexus-modern-japanese/data/Mochizuki_望月海慧_199002_『般若灯論』第13章試訳.txt  ;  [partial] /home/sebastian/data/dharmanexus-modern-japanese/data/Mochizuki_望月海慧_199003_『般若灯論』第12章試訳.txt  ;  [partial] /home/sebastian/data/dharmanexus-modern-japanese/data/Mochizuki_望月海慧_1990@『般若灯論』第12章試訳.txt  ;  [partial] /home/sebastian/data/dharmanexus-modern-japanese/data/Mochizuki_望月海慧_1990@『般若灯論』第13章試訳.txt  ;  [partial] /home/sebastian/data/dharmanexus-modern-japanese/data/Mochizuki_望月海慧_199103_『般若灯論』第14章試訳.txt  ;  [partial] /home/sebastian/data/dharmanexus-modern-japanese/data/Mochizuki_望月海慧_1991@『般若灯論』第14章試訳.txt  ;  [partial] /home/sebastian/data/dharmanexus-modern-japanese/data/Mochizuki_望月海慧_199203_『般若灯論』第10章試訳.txt  ;  [partial] /home/sebastian/data/dharmanexus-modern-japanese/data/Mochizuki_望月海慧_1992@『般若灯論』第10章試訳.txt  ;  [partial] /home/sebastian/data/dharmanexus-modern-japanese/data/Nonin_能仁正顕_1987@清弁著『般若灯論』第3章の和訳と註.txt  ;  [partial] /home/sebastian/data/dharmanexus-modern-japanese/data/Nonin_能仁正顕_1996@『知恵のともしび』第1章の和訳（2） 縁の考察.txt  ;  [partial] /home/sebastian/data/dharmanexus-modern-japanese/data/Nonin_能仁正顕_2002@『知恵のともしび』第1章和訳（3）.txt  ;  [partial] /home/sebastian/data/dharmanexus-modern-japanese/data/Nonin_能仁正顕_2006@『知恵のともしび』第1章の和訳（4）.txt  ;  [partial] /home/sebastian/data/dharmanexus-modern-japanese/data/Nozawa＆Nishiyama_野澤静證・西山亮_2015@軌範師清辨造根本中の註・般若燈の中の如来の観察と名くる第二十二品.txt
Sukhāvatīvyūhasūtra	Mahayana-sutra	0	14	yes	[partial] /home/sebastian/data/dharmanexus-modern-japanese/data/Karashima_辛島静志_1999a_大阿弥陀経　訳注 (一).txt  ;  [partial] /home/sebastian/data/dharmanexus-modern-japanese/data/Karashima_辛島静志_2000b_大阿弥陀経　訳注 (二).txt  ;  [partial] /home/sebastian/data/dharmanexus-modern-japanese/data/Karashima_辛島静志_2001_大阿弥陀経　訳注 (三).txt  ;  [partial] /home/sebastian/data/dharmanexus-modern-japanese/data/Karashima_辛島静志_2003_大阿弥陀経　訳注 (四).txt  ;  [partial] /home/sebastian/data/dharmanexus-modern-japanese/data/Karashima_辛島静志_2004_大阿弥陀経　訳注 (五).txt  ;  [partial] /home/sebastian/data/dharmanexus-modern-japanese/data/Karashima_辛島静志_2005_大阿弥陀経　訳注 (六).txt  ;  [partial] /home/sebastian/data/dharmanexus-modern-japanese/data/Karashima_辛島静志_2006_大阿弥陀経　訳注 (七).txt  ;  [partial] /home/sebastian/data/dharmanexus-modern-japanese/data/Karashima_辛嶋静志_1999a@大阿弥陀経　訳注 (一).txt  ;  [partial] /home/sebastian/data/dharmanexus-modern-japanese/data/Karashima_辛嶋静志_2000b@大阿弥陀経　訳注 (二).txt  ;  [partial] /home/sebastian/data/dharmanexus-modern-japanese/data/Karashima_辛嶋静志_2001@大阿弥陀経　訳注 (三).txt  ;  [partial] /home/sebastian/data/dharmanexus-modern-japanese/data/Karashima_辛嶋静志_2003@大阿弥陀経　訳注 (四).txt  ;  [partial] /home/sebastian/data/dharmanexus-modern-japanese/data/Karashima_辛嶋静志_2004@大阿弥陀経　訳注 (五).txt  ;  [partial] /home/sebastian/data/dharmanexus-modern-japanese/data/Karashima_辛嶋静志_2005@大阿弥陀経　訳注 (六).txt  ;  [partial] /home/sebastian/data/dharmanexus-modern-japanese/data/Karashima_辛嶋静志_2006@大阿弥陀経　訳注 (七).txt
Pramāṇavārttika	Pramana	0	13	yes	[partial] /home/sebastian/data/dharmanexus-modern-japanese/data/Inami_稲見正浩_1986@ダルマキールティによる輪廻の論証（上）.txt  ;  [partial] /home/sebastian/data/dharmanexus-modern-japanese/data/Inami_稲見正浩_1986@ダルマキールティによる輪廻の論証（上）.txt  ;  [partial] /home/sebastian/data/dharmanexus-modern-japanese/data/Inami_稲見正浩_1987@ダルマキールティによる輪廻の論証（下）.txt  ;  [partial] /home/sebastian/data/dharmanexus-modern-japanese/data/Inami_稲見正浩_1987@ダルマキールティによる輪廻の論証（下）.txt  ;  [partial] /home/sebastian/data/dharmanexus-modern-japanese/data/Inami_稲見正浩_1994_Pramanasiddhi3.txt  ;  [partial] /home/sebastian/data/dharmanexus-modern-japanese/data/Inami_稲見正浩_1994_PV_siddhi3.txt  ;  [partial] /home/sebastian/data/dharmanexus-modern-japanese/data/Inami_稲見正浩_1995_Pramanasiddhi4.txt  ;  [partial] /home/sebastian/data/dharmanexus-modern-japanese/data/Inami_稲見正浩_1995_PV_siddhi4.txt  ;  [partial] /home/sebastian/data/dharmanexus-modern-japanese/data/Inami_稲見正浩_1996_Pramanasiddhi5.txt  ;  [partial] /home/sebastian/data/dharmanexus-modern-japanese/data/Inami_稲見正浩_1996_PV_siddhi5.txt  ;  [partial] /home/sebastian/data/dharmanexus-modern-japanese/data/Inami__稲見正浩etal_2005_PV4_189-194.txt  ;  [partial] /home/sebastian/data/dharmanexus-modern-japanese/data/Nakasuka_中須賀美幸_2015@印仏研配布資料_カルナカゴーミンのPramanavarttika I 48解釈.txt  ;  [partial] /home/sebastian/data/dharmanexus-modern-japanese/data/Omae_大前太_1988_PV1_jtr2.txt
Śrāvakabhūmi	Yogacara	0	12	yes	[partial] /home/sebastian/data/dharmanexus-modern-japanese/data/DELEANU-Florin_2006@Sravakabhumi_IV_The Chapter on the Mundane Path (Laukikamarga) in the Sravakabhumi.txt  ;  [partial] /home/sebastian/data/dharmanexus-modern-japanese/data/Mouri_毛利俊英_1986b@声聞地第三瑜伽処和訳(1).txt  ;  [partial] /home/sebastian/data/dharmanexus-modern-japanese/data/Shomonji_声聞地研究会_1989@梵文声聞地 (八) ―初瑜伽処中出離地，和訳・科文―〔第六善友性・第七聞思正法〕_付論.txt  ;  [partial] /home/sebastian/data/dharmanexus-modern-japanese/data/Shomonji_声聞地研究会_1998@『瑜伽論声聞地第一瑜伽処』.txt  ;  [partial] /home/sebastian/data/dharmanexus-modern-japanese/data/Shomonji_声聞地研究会_2007@『瑜伽論声聞地第二瑜伽処』.txt  ;  [partial] /home/sebastian/data/dharmanexus-modern-japanese/data/Shomonji_声聞地研究会_2008＠梵文声聞地 (二十二) ―第三瑜伽処 (1) 和訳・科文―.txt  ;  [partial] /home/sebastian/data/dharmanexus-modern-japanese/data/Shomonji_声聞地研究会_2009＠梵文声聞地 (二十三) ―第三瑜伽処 (2) 和訳・科文―.txt  ;  [partial] /home/sebastian/data/dharmanexus-modern-japanese/data/Shomonji_声聞地研究会_2010＠梵文声聞地 (二十四) ―第三瑜伽処 (3) 和訳・科文―.txt  ;  [partial] /home/sebastian/data/dharmanexus-modern-japanese/data/Shomonji_声聞地研究会_2011＠梵文声聞地 (二十五) ―第三瑜伽処 (4) 和訳・科文―.txt  ;  [partial] /home/sebastian/data/dharmanexus-modern-japanese/data/Shomonji_声聞地研究会_2012@梵文声聞地 (二十六) ―第三瑜伽処 (5) 和訳・科文―.txt  ;  [partial] /home/sebastian/data/dharmanexus-modern-japanese/data/Shomonji_声聞地研究会_2013@梵文声聞地 (二十七)―第三瑜伽処 (６) 和訳・科文―.txt  ;  [unknown] /home/sebastian/data/dharmanexus-modern-japanese/data/Sravakabhumi_声聞地研究会_1992.txt  ;  [unknown] /home/sebastian/data/dharmanexus-modern-japanese/data/Sravakabhumi_声聞地研究会_2008.txt  ;  [unknown] /home/sebastian/data/dharmanexus-modern-japanese/data/Sravakabhumi_声聞地研究会_2009.txt  ;  [unknown] /home/sebastian/data/dharmanexus-modern-japanese/data/Sravakabhumi_声聞地研究会_2010.txt  ;  [unknown] /home/sebastian/data/dharmanexus-modern-japanese/data/Sravakabhumi_声聞地研究会_2011.txt  ;  [unknown] /home/sebastian/data/dharmanexus-modern-japanese/data/Sravakabhumi_声聞地研究会_2012.txt  ;  [partial] /home/sebastian/data/dharmanexus-modern-japanese/data/Sravakabhumi_声聞地研究会_2013@梵文声開地-第三瑜伽処(6)和訳・科文-.txt
Brahmaviśeṣacintiparipṛcchāsūtra	Other	0	12	yes	[partial] /home/sebastian/data/dharmanexus-modern-japanese/data/Goshima_五島清隆_2009@チベット訳『梵天所問経』―和訳と訳注(1).txt  ;  [partial] /home/sebastian/data/dharmanexus-modern-japanese/data/Goshima_五島清隆_2009@チベット訳『梵天所問経』―和訳と訳注(1).txt  ;  [partial] /home/sebastian/data/dharmanexus-modern-japanese/data/Goshima_五島清隆_2010@チベット訳『梵天所問経』―和訳と訳注(2).txt  ;  [partial] /home/sebastian/data/dharmanexus-modern-japanese/data/Goshima_五島清隆_2010@チベット訳『梵天所問経』―和訳と訳注(2).txt  ;  [partial] /home/sebastian/data/dharmanexus-modern-japanese/data/Goshima_五島清隆_2011@チベット訳『梵天所問経』―和訳と訳注(3).txt  ;  [partial] /home/sebastian/data/dharmanexus-modern-japanese/data/Goshima_五島清隆_2011@チベット訳『梵天所問経』―和訳と訳注(3).txt  ;  [partial] /home/sebastian/data/dharmanexus-modern-japanese/data/Goshima_五島清隆_2012@チベット訳『梵天所問経』―和訳と訳注(4).txt  ;  [partial] /home/sebastian/data/dharmanexus-modern-japanese/data/Goshima_五島清隆_2012@チベット訳『梵天所問経』―和訳と訳注(4).txt  ;  [partial] /home/sebastian/data/dharmanexus-modern-japanese/data/Goshima_五島清隆_2013@チベット訳『梵天所問経』―和訳と訳注(5).txt  ;  [partial] /home/sebastian/data/dharmanexus-modern-japanese/data/Goshima_五島清隆_2013@チベット訳『梵天所問経』―和訳と訳注(5).txt  ;  [partial] /home/sebastian/data/dharmanexus-modern-japanese/data/Goshima_五島清隆_2017@チベット訳『梵天所問経』-和訳と訳注 (6).txt  ;  [partial] /home/sebastian/data/dharmanexus-modern-japanese/data/Goshima_五島清隆_2017@チベット訳『梵天所問経』-和訳と訳注 (6).txt
Saṃdhinirmocanasūtra	Mahayana-sutra	0	11	yes	[partial] /home/sebastian/data/dharmanexus-modern-japanese/data/Hakamaya_袴谷憲昭_1975@弥勒請問章和訳.txt  ;  [partial] /home/sebastian/data/dharmanexus-modern-japanese/data/Ito_伊藤秀憲_1971@解深密経ヴィシャーラ＝マティの章.txt  ;  [partial] /home/sebastian/data/dharmanexus-modern-japanese/data/Ito_伊藤秀憲_1971@解深密経ヴィシャーラ＝マティの章.txt  ;  [partial] /home/sebastian/data/dharmanexus-modern-japanese/data/Ito_伊藤秀憲_1972@和訳 チベット訳 解深密経(一).txt  ;  [partial] /home/sebastian/data/dharmanexus-modern-japanese/data/Ito_伊藤秀憲_1972@和訳 チベット訳 解深密経(一).txt  ;  [partial] /home/sebastian/data/dharmanexus-modern-japanese/data/Ito_伊藤秀憲_1973a@和訳 チベット訳 解深密経(二).txt  ;  [partial] /home/sebastian/data/dharmanexus-modern-japanese/data/Ito_伊藤秀憲_1973a@和訳 チベット訳 解深密経(二).txt  ;  [partial] /home/sebastian/data/dharmanexus-modern-japanese/data/Ito_伊藤秀憲_1974a@和訳 チベット訳 解深密経(三).txt  ;  [partial] /home/sebastian/data/dharmanexus-modern-japanese/data/Ito_伊藤秀憲_1974a@和訳 チベット訳 解深密経(三).txt  ;  [partial] /home/sebastian/data/dharmanexus-modern-japanese/data/Ito_伊藤秀憲_1975@和訳 チベット訳 解深密経(四).txt  ;  [partial] /home/sebastian/data/dharmanexus-modern-japanese/data/Ito_伊藤秀憲_1975@和訳 チベット訳 解深密経(四).txt
Jātaka	Other	0	11	yes	[partial] /home/sebastian/data/dharmanexus-modern-japanese/data/Teraishi_寺石悦章_1998_ZVnav_jtr1.txt  ;  [partial] /home/sebastian/data/dharmanexus-modern-japanese/data/Teraishi_寺石悦章_1998_ZVsnv_jtr2.txt  ;  [partial] /home/sebastian/data/dharmanexus-modern-japanese/data/Teraishi_寺石悦章_1999_ZVnav_jtr2.txt  ;  [partial] /home/sebastian/data/dharmanexus-modern-japanese/data/Teraishi_寺石悦章_1999_ZVsnv_jtr1.txt  ;  [partial] /home/sebastian/data/dharmanexus-modern-japanese/data/Teraishi_寺石悦章_1999_ZVsnv_jtr3.txt  ;  [partial] /home/sebastian/data/dharmanexus-modern-japanese/data/Teraishi_寺石悦章_2000_ZVnav_jtr3.txt  ;  [partial] /home/sebastian/data/dharmanexus-modern-japanese/data/Teraishi_寺石悦章_2000_ZVsnv_jtr4.txt  ;  [partial] /home/sebastian/data/dharmanexus-modern-japanese/data/Teraishi_寺石悦章_2001_ZVnav_jtr4.txt  ;  [partial] /home/sebastian/data/dharmanexus-modern-japanese/data/Teraishi_寺石悦章_2001_ZVsnv_jtr5.txt  ;  [partial] /home/sebastian/data/dharmanexus-modern-japanese/data/Teraishi_寺石悦章_2001_ZVsnv_jtr6.txt  ;  [partial] /home/sebastian/data/dharmanexus-modern-japanese/data/Teraishi_寺石悦章_2002_ZVnav_jtr5.txt
Ślokavārttika	Other	0	11	yes	[partial] /home/sebastian/data/dharmanexus-modern-japanese/data/Tosaki_戸崎宏正_1991_ZVpas_jtr1.txt  ;  [partial] /home/sebastian/data/dharmanexus-modern-japanese/data/Tosaki_戸崎宏正_1991_ZVpas_jtr4.txt  ;  [partial] /home/sebastian/data/dharmanexus-modern-japanese/data/Tosaki_戸崎宏正_1992_ZVpas_jtr2.txt  ;  [partial] /home/sebastian/data/dharmanexus-modern-japanese/data/Tosaki_戸崎宏正_1993_SVpas_jtr3.txt  ;  [partial] /home/sebastian/data/dharmanexus-modern-japanese/data/Tosaki_戸崎宏正_1993_ZVpas_jtr3.txt  ;  [partial] /home/sebastian/data/dharmanexus-modern-japanese/data/Tosaki_戸崎宏正_1993_ZVpas_jtr6.txt  ;  [partial] /home/sebastian/data/dharmanexus-modern-japanese/data/Tosaki_戸崎宏正_1993_ZVpas_jtr7.txt  ;  [partial] /home/sebastian/data/dharmanexus-modern-japanese/data/Tosaki_戸崎宏正_1993_塚本啓祥教授還暦記念論文集 知の邂逅-仏教と科学@クマーリラ著『シュローカヴァールティカ』第4章（知覚スートラ）和訳（3）.txt  ;  [partial] /home/sebastian/data/dharmanexus-modern-japanese/data/Tosaki_戸崎宏正_1996_ZVpas_jtr8.txt  ;  [partial] /home/sebastian/data/dharmanexus-modern-japanese/data/Tosaki_戸崎宏正_1998_ZVpas_jtr9.txt  ;  [partial] /home/sebastian/data/dharmanexus-modern-japanese/data/Tozaki_戸崎宏正_1993_塚本啓祥教授還暦記念論文集 知の邂逅-仏教と科学@クマーリラ著『シュローカヴァールティカ』第4章（知覚スートラ）和訳（3）.txt
Madhyamakahṛdayakārikā	Madhyamaka	0	10	yes	[partial] /home/sebastian/data/dharmanexus-modern-japanese/data/Hoornaert Poul_1999@An annotated Translation of Madhyamakahrdayakarika Tarkajvala V.1-7.txt  ;  [partial] /home/sebastian/data/dharmanexus-modern-japanese/data/Hoornaert Poul_2000@An annotated Translation of Madhyamakahrdayakarika Tarkajvala V.8-26.txt  ;  [partial] /home/sebastian/data/dharmanexus-modern-japanese/data/Hoornaert Poul_2001@An annotated Translation of Madhyamakahrdayakarika Tarkajvala V.27-54.txt  ;  [partial] /home/sebastian/data/dharmanexus-modern-japanese/data/Hoornaert Poul_2001@An annotated Translation of Madhyamakahrdayakarika Tarkajvala V27-54.txt  ;  [partial] /home/sebastian/data/dharmanexus-modern-japanese/data/Hoornaert Poul_2001@An annotated Translation of Madhyamakahrdayakarika Tarkajvala V.55-68.txt  ;  [partial] /home/sebastian/data/dharmanexus-modern-japanese/data/Hoornaert Poul_2002@An annotated Translation of Madhyamakahrdayakarika Tarkajvala V.69-84.txt  ;  [partial] /home/sebastian/data/dharmanexus-modern-japanese/data/Hoornaert Poul_2003@An annotated Translation of Madhyamakahrdayakarika Tarkajvala V85-114.txt  ;  [partial] /home/sebastian/data/dharmanexus-modern-japanese/data/Nakada_中田直道_1973@「中観心論の頌第六章および論理の炎」-インドの二元論の哲学[サーンキヤ説]を紹介せる部分の和訳と註-.txt  ;  [partial] /home/sebastian/data/dharmanexus-modern-japanese/data/Nakamura_中村元_1976@『中観心論頌』と初期ヴェーダーンタ説.txt  ;  [partial] /home/sebastian/data/dharmanexus-modern-japanese/data/Saito_斎藤明_2007@『中観心論』 Madhyamakahrdayakarika および『論理炎論』 Tarkajvala 第5章「瑜伽行派の真実［説］の［批判的］確定｣（Yogacaratattvaviniscaya）試訳.txt
Tarkajvālā	Other	0	10	yes	[partial] /home/sebastian/data/dharmanexus-modern-japanese/data/Nozawa_野沢静証_1954@清弁造『中観学心髄の疏・思択炎』「真如智を求むる」章第三（1）.txt  ;  [partial] /home/sebastian/data/dharmanexus-modern-japanese/data/Nozawa_野沢静証_1955@清弁造『中観学心髄の疏・思択炎』「真如智を求むる」章第三（2）.txt  ;  [partial] /home/sebastian/data/dharmanexus-modern-japanese/data/Nozawa_野沢静証_1955@清弁造『中観学心髄の疏・思択炎』「真如智を求むる」章第三（3）.txt  ;  [partial] /home/sebastian/data/dharmanexus-modern-japanese/data/Nozawa_野沢静証_1956@清弁造『中観学心髄の疏・思択炎』「真如智を求むる」章第三（4）.txt  ;  [partial] /home/sebastian/data/dharmanexus-modern-japanese/data/Nozawa_野沢静証_1959@清弁造『中観学心髄の疏・思択炎』「真如智を求むる」章第三（5）.txt  ;  [partial] /home/sebastian/data/dharmanexus-modern-japanese/data/Nozawa_野沢静証_1964@清弁造『中観学心髄の疏・思択炎』「真如智を求むる」章第三（6）.txt  ;  [partial] /home/sebastian/data/dharmanexus-modern-japanese/data/Nozawa_野沢静証_1964@清弁造『中観学心髄の疏・思択炎』「真如智を求むる」章第三（7）.txt  ;  [partial] /home/sebastian/data/dharmanexus-modern-japanese/data/Nozawa_野沢静証_1966@清弁造『中観学心髄の疏・思択炎』「真如智を求むる」章第三（8）.txt  ;  [partial] /home/sebastian/data/dharmanexus-modern-japanese/data/Nozawa_野沢静証_1971@清弁造『中観学心髄の疏・思択炎』「真如智を求むる」章第三（9）.txt  ;  [partial] /home/sebastian/data/dharmanexus-modern-japanese/data/Nozawa_野沢静証_1972@清弁造『中観学心髄の疏・思択炎』「真如智を求むる」章第三（10）.txt
Pramāṇavārttikasvavṛtti	Pramana	0	10	yes	[partial] /home/sebastian/data/dharmanexus-modern-japanese/data/Omae_大前太_1988_PVSV_jtr1.txt  ;  [partial] /home/sebastian/data/dharmanexus-modern-japanese/data/Omae_大前太_1988_PVSV_jtr2.txt  ;  [partial] /home/sebastian/data/dharmanexus-modern-japanese/data/Omae_大前太_1989_PVSV_jtr3.txt  ;  [partial] /home/sebastian/data/dharmanexus-modern-japanese/data/Omae_大前太_1990_PVSV_jtr4.txt  ;  [partial] /home/sebastian/data/dharmanexus-modern-japanese/data/Omae_大前太_1990_PVSV_jtr5.txt  ;  [partial] /home/sebastian/data/dharmanexus-modern-japanese/data/Omae_大前太_1991_PVSV_jtr6.txt  ;  [partial] /home/sebastian/data/dharmanexus-modern-japanese/data/Omae_大前太_1991_PVSV_jtr7.txt  ;  [partial] /home/sebastian/data/dharmanexus-modern-japanese/data/Omae_大前太_1991_PVSV_jtr8.txt  ;  [partial] /home/sebastian/data/dharmanexus-modern-japanese/data/Wakahara_若原雄昭_1990@ダルマキーティのヴェーダ聖典批判 pramanavarttikasvavrtti研究（2）（vv. 312-340）.txt  ;  [partial] /home/sebastian/data/dharmanexus-modern-japanese/data/Yaita_矢板秀臣_1987@Dharmakirti on the Authority od Buddhist Scriptures(agama) -an annotated translation of the Pramanavartika-svavrthih ad v. 213-217-.txt
Mahāyānasaṃgraha	Yogacara	0	8	yes	[partial] /home/sebastian/data/dharmanexus-modern-japanese/data/Aramaki_荒牧典俊_1970@インド佛教思想史の基礎づけのために―攝大乘論第三章第一節―.txt  ;  [partial] /home/sebastian/data/dharmanexus-modern-japanese/data/Aramaki_荒牧典俊_1970@インド佛教思想史の基礎づけのために―攝大乘論第三章第一節―.txt  ;  [partial] /home/sebastian/data/dharmanexus-modern-japanese/data/Goda_合田秀行_1993_東方9@『摂大乗論』第三章の解明（1）-チベット訳無性註を中心として-.txt  ;  [partial] /home/sebastian/data/dharmanexus-modern-japanese/data/Goda_合田秀行_1993_東方9@『摂大乗論』第三章の解明（1）-チベット訳無性註を中心として-.txt  ;  [partial] /home/sebastian/data/dharmanexus-modern-japanese/data/Harada_原田和宗_1997b@「蛇・縄・色等」の比喩と入唯識性(I)―MS III §§8～9の和訳と評註―.txt  ;  [partial] /home/sebastian/data/dharmanexus-modern-japanese/data/Nagao Gajin_摂大乗論02_長尾雅人訳注.txt  ;  [partial] /home/sebastian/data/dharmanexus-modern-japanese/data/Nagao_長尾雅人_1982_摂大乗論_上.txt  ;  [partial] /home/sebastian/data/dharmanexus-modern-japanese/data/Takeuchi_武内紹晃_1983@『摂大乗論』第一章二十二節.txt
Sāratamā	Prajnaparamita	0	8	yes	[partial] /home/sebastian/data/dharmanexus-modern-japanese/data/Hyodou_兵藤一夫_1989@『現観荘厳論明義釈の注釈, 真髄荘厳』和訳(1).txt  ;  [partial] /home/sebastian/data/dharmanexus-modern-japanese/data/Hyodou_兵藤一夫_1992@『現観荘厳論明義釈の注釈, 真髄荘厳』和訳(3).txt  ;  [partial] /home/sebastian/data/dharmanexus-modern-japanese/data/Hyodou_兵藤一夫_1996@『現観荘厳論明義釈の注釈, 真髄荘厳』和訳(4).txt  ;  [partial] /home/sebastian/data/dharmanexus-modern-japanese/data/Hyodo_兵藤一夫_1989@『現観荘厳論明義釈の注釈, 真髄荘厳』和訳(1).txt  ;  [partial] /home/sebastian/data/dharmanexus-modern-japanese/data/Hyodo_兵藤一夫_1992@『現観荘厳論明義釈の注釈，心髄荘厳』和訳(2).txt  ;  [partial] /home/sebastian/data/dharmanexus-modern-japanese/data/Hyodo_兵藤一夫_1992@『現観荘厳論明義釈の注釈，心髄荘厳』和訳(3).txt  ;  [partial] /home/sebastian/data/dharmanexus-modern-japanese/data/Hyodo_兵藤一夫_1992@『現観荘厳論明義釈の注釈、心髓荘厳』和訳(2).txt  ;  [partial] /home/sebastian/data/dharmanexus-modern-japanese/data/Hyodo_兵藤一夫_1996@『現観荘厳論明義釈の注釈，心髄荘厳』和訳(4).txt
Abhidharmasamuccaya	Yogacara	0	7	yes	[partial] /home/sebastian/data/dharmanexus-modern-japanese/data/Abhidharmasamuccaya Study Group_阿毘達磨集論研究会_2017@梵文和訳『阿毘達磨集論』(2).txt  ;  [partial] /home/sebastian/data/dharmanexus-modern-japanese/data/ASSG_阿毘達摩集論研究会_2015@梵文和訳『阿毘達摩集論』（1）.txt  ;  [partial] /home/sebastian/data/dharmanexus-modern-japanese/data/Funahashi_舟橋尚哉_1982_大谷學報62-3@大乗阿毘達磨集論（Abhidharmasamuccaya）並びにAbhidharmasamuccaya-bhasyaの和訳.txt  ;  [partial] /home/sebastian/data/dharmanexus-modern-japanese/data/Funahashi_舟橋尚哉_1982_大谷學報62-3@大乗阿毘達磨集論（Abhidharmasamuccaya）並びにAbhidharmasamuccaya-bhasyaの和訳.txt  ;  [partial] /home/sebastian/data/dharmanexus-modern-japanese/data/Funahashi_舟橋尚哉_1986_大谷學報66-1@大乗阿毘達磨集論（Abhidharmasamuccaya）並びにAbhidharmasamuccaya-bhasyaの和訳（2）.txt  ;  [partial] /home/sebastian/data/dharmanexus-modern-japanese/data/Funahashi_舟橋尚哉_1986_大谷學報66-1@大乗阿毘達磨集論（Abhidharmasamuccaya）並びにAbhidharmasamuccaya-bhasyaの和訳（2）.txt  ;  [partial] /home/sebastian/data/dharmanexus-modern-japanese/data/Funahashi_舟橋尚哉_1990b@大乗阿毘達磨集論 (Abhidharmasamuccaya) の諸問題 ―和訳と研究―.txt
Madhyāntavibhāga	Yogacara	0	7	yes	[unknown] /home/sebastian/data/dharmanexus-modern-japanese/data/Asanga_Madhyantavibhaga_transl.txt  ;  [partial] /home/sebastian/data/dharmanexus-modern-japanese/data/Distinguishing the Middle from the Extremes_Chapter Five The Distinctive Path of the Mahayana@Martin, Michele_1991.txt  ;  [partial] /home/sebastian/data/dharmanexus-modern-japanese/data/Funahashi_舟橋尚哉_1973b@中辺分別論（障品）の和訳並びに研究(1).txt  ;  [partial] /home/sebastian/data/dharmanexus-modern-japanese/data/Funahashi_舟橋尚哉_1973b@中辺分別論（障品）の和訳並びに研究(1).txt  ;  [partial] /home/sebastian/data/dharmanexus-modern-japanese/data/Funahashi_舟橋尚哉_1974a@中辺分別論（障品）の和訳並びに研究(2).txt  ;  [partial] /home/sebastian/data/dharmanexus-modern-japanese/data/Funahashi_舟橋尚哉_1974a@中辺分別論（障品）の和訳並びに研究(2).txt  ;  [partial] /home/sebastian/data/dharmanexus-modern-japanese/data/Funahashi_舟橋尚哉_1975@中辺分別論（障品）の和訳並びに研究(3).txt  ;  [partial] /home/sebastian/data/dharmanexus-modern-japanese/data/Funahashi_舟橋尚哉_1975@中辺分別論（障品）の和訳並びに研究(3).txt
Lokaprajñapti	Abhidharma	0	7	yes	[partial] /home/sebastian/data/dharmanexus-modern-japanese/data/Fukuda_福田琢_1999@加藤清遺稿　蔵文和譯『世間施設』(1).txt  ;  [partial] /home/sebastian/data/dharmanexus-modern-japanese/data/Fukuda_福田琢_1999@加藤清遺稿　蔵文和譯『世間施設』(2).txt  ;  [partial] /home/sebastian/data/dharmanexus-modern-japanese/data/Fukuda_福田琢_2000@加藤清遺稿　蔵文和譯『世間施設』(3).txt  ;  [partial] /home/sebastian/data/dharmanexus-modern-japanese/data/Fukuda_福田琢_2001@加藤清遺稿　蔵文和譯『世間施設』(4).txt  ;  [partial] /home/sebastian/data/dharmanexus-modern-japanese/data/Fukuda_福田琢_2002@加藤清遺稿　蔵文和譯『世間施設』(5).txt  ;  [partial] /home/sebastian/data/dharmanexus-modern-japanese/data/Fukuda_福田琢_2004@加藤清遺稿　蔵文和譯『世間施設』(6).txt  ;  [partial] /home/sebastian/data/dharmanexus-modern-japanese/data/Fukuda_福田琢_2004@加藤清遺稿　蔵文和譯『世間施設』(7).txt
Yogācārabhūmi	Yogacara	0	7	yes	[partial] /home/sebastian/data/dharmanexus-modern-japanese/data/Harada_原田和宗_2004b@『瑜伽師地論』「有尋有伺等三地」の縁起説(1)―テキストと和訳―.txt  ;  [partial] /home/sebastian/data/dharmanexus-modern-japanese/data/Harada_原田和宗_2004_九州龍谷短期大学紀要50@『瑜伽師地論』「有尋有伺等三地」の縁起説（1）ーテキストと和訳－.txt  ;  [partial] /home/sebastian/data/dharmanexus-modern-japanese/data/Shimizu_清水海隆_1983a@『瑜伽師地論』の原典研究 (I)―五識身相応地第一の和訳―.txt  ;  [partial] /home/sebastian/data/dharmanexus-modern-japanese/data/Shimizu_清水海隆_1984@『瑜伽師地論』の原典研究(II)―意地第二の和訳(その一)―.txt  ;  [partial] /home/sebastian/data/dharmanexus-modern-japanese/data/Shimizu_清水海隆_1985c@『瑜伽師地論』の原典研究 (III)―意地第2の和訳(その2)―.txt  ;  [partial] /home/sebastian/data/dharmanexus-modern-japanese/data/Yaita_矢板秀臣_1992@瑜伽論の因明：梵文テキストと和訳.txt  ;  [partial] /home/sebastian/data/dharmanexus-modern-japanese/data/Yaita_矢板秀臣_2005b@瑜伽論因明_仏教知識論の原典研究.txt
Mūlamadhyamakavṛtti	Madhyamaka	0	7	yes	[partial] /home/sebastian/data/dharmanexus-modern-japanese/data/Iwaki_巌城孝憲_1989@中論ブッダパーリタ釈第十八章和訳.txt  ;  [partial] /home/sebastian/data/dharmanexus-modern-japanese/data/Iwaki_巌城孝憲_1989@中論ブッダパーリタ釈第十八章和訳.txt  ;  [partial] /home/sebastian/data/dharmanexus-modern-japanese/data/Mitani_三谷真澄_1988@中論『仏護註』第22章和訳.txt  ;  [partial] /home/sebastian/data/dharmanexus-modern-japanese/data/Mitani_三谷真澄_1996@中論『仏護註』第17章和訳　業と果報の考察.txt  ;  [partial] /home/sebastian/data/dharmanexus-modern-japanese/data/Otake_大竹照眞_1931@中論仏護釈和訳（一）.txt  ;  [partial] /home/sebastian/data/dharmanexus-modern-japanese/data/Otake_大竹照眞_1932@中論仏護釈和訳（二）.txt  ;  [partial] /home/sebastian/data/dharmanexus-modern-japanese/data/Otake_大竹照眞_1936@蔵文和訳　中論仏護釈（三）.txt
Nyāyamukha	Pramana	0	7	yes	[partial] /home/sebastian/data/dharmanexus-modern-japanese/data/Katsura_桂紹隆_NMu1_1977.txt  ;  [partial] /home/sebastian/data/dharmanexus-modern-japanese/data/Katsura_桂紹隆_NMu2_1978.txt  ;  [partial] /home/sebastian/data/dharmanexus-modern-japanese/data/Katsura_桂紹隆_NMu3_1979.txt  ;  [partial] /home/sebastian/data/dharmanexus-modern-japanese/data/Katsura_桂紹隆_NMu4_1981.txt  ;  [partial] /home/sebastian/data/dharmanexus-modern-japanese/data/Katsura_桂紹隆_NMu5_1982.txt  ;  [partial] /home/sebastian/data/dharmanexus-modern-japanese/data/Katsura_桂紹隆_NMu6_1984.txt  ;  [partial] /home/sebastian/data/dharmanexus-modern-japanese/data/Katsura_桂紹隆_NMu7_1987.txt
Abhidharmakośavyākhyā	Abhidharma	1	5	yes	[full] /home/sebastian/data/dharmanexus-modern-japanese/data/称友倶舎論疏_荻原雲来.txt  ;  [partial] /home/sebastian/data/dharmanexus-modern-japanese/data/Funahashi_舟橋一哉_1962@称友造阿毘達磨倶舎論明瞭義釈破我品.txt  ;  [partial] /home/sebastian/data/dharmanexus-modern-japanese/data/Funahashi_舟橋一哉_1962_称友造阿毘達磨倶舎論明瞭義釈破我品.txt  ;  [partial] /home/sebastian/data/dharmanexus-modern-japanese/data/和譯稱友倶舍論疏（一）.txt  ;  [partial] /home/sebastian/data/dharmanexus-modern-japanese/data/和譯稱友倶舍論疏（三）.txt  ;  [partial] /home/sebastian/data/dharmanexus-modern-japanese/data/和譯稱友倶舍論疏（二）.txt
Prakaraṇāryavācā	Yogacara	0	6	yes	[partial] /home/sebastian/data/dharmanexus-modern-japanese/data/Hayashima_早島理_1991b@人無我論―『顕揚聖教論』第六章「成空品」の解読研究―.txt  ;  [partial] /home/sebastian/data/dharmanexus-modern-japanese/data/Hayashima_早島理_1991c@人無我論―『顕揚聖教論』第六章「成空品」の解読研究― (承前).txt  ;  [partial] /home/sebastian/data/dharmanexus-modern-japanese/data/Hayashima_早島理_1997@『顕揚聖教論』「攝勝決擇品第十一」第35偈について.txt  ;  [partial] /home/sebastian/data/dharmanexus-modern-japanese/data/Hayashima_早島理_1998@苦悩の分析―『顕揚聖教論』「成苦品第五」第1-13偈の解読研究―.txt  ;  [partial] /home/sebastian/data/dharmanexus-modern-japanese/data/Hayashima_早島理_1998@苦悩の分析―『顕揚聖教論』「成苦品第五」第1-13偈の解読研究（承前）―.txt  ;  [partial] /home/sebastian/data/dharmanexus-modern-japanese/data/Hayashima_早島理_1999@苦悩の解明―『顕揚聖教論』「成苦品第五」第14-20偈の解読研究―.txt
Vyākhyāyukti	Yogacara	0	6	yes	[partial] /home/sebastian/data/dharmanexus-modern-japanese/data/Honjo_本庄良文_2001@『釈軌論』第一章 (上)-世親の経典解釈法-.txt  ;  [partial] /home/sebastian/data/dharmanexus-modern-japanese/data/Honjo_本庄良文_2001@『釈軌論』第一章(上)―世親の経典解釈法―.txt  ;  [partial] /home/sebastian/data/dharmanexus-modern-japanese/data/Horiuchi_堀内俊郎_2013@『釈軌論』第2章経節(62)-(63)訳注―多文化共生の基盤の構築に向けての「法を説き・法を聞く」こと―.txt  ;  [partial] /home/sebastian/data/dharmanexus-modern-japanese/data/Horiuchi_堀内俊郎_2015@梵行・勝義・欲―『釈軌論』第二章の解釈にもとづく語義解釈・現代語訳例と経節9, 14, 17-22, 30訳注―.txt  ;  [partial] /home/sebastian/data/dharmanexus-modern-japanese/data/Horiuchi_堀内俊郎_2015@梵行・勝義・欲―『釈軌論』第二章の解釈にもとづく語義解釈・現代語訳例と経節9, 14, 17-22, 30訳注―.txt  ;  [partial] /home/sebastian/data/dharmanexus-modern-japanese/data/Ueno & Horiuchi_上野牧生 & 堀内俊郎_2018@世親作『釈軌論』第5章翻訳研究 (1) .txt
Catuḥśataka	Madhyamaka	0	6	yes	[partial] /home/sebastian/data/dharmanexus-modern-japanese/data/Honjo_本庄良文_シャマタデーヴァの引くマートリチェータの『四百讚』.txt  ;  [partial] /home/sebastian/data/dharmanexus-modern-japanese/data/Honjo_本庄良文_シャマタデーヴァの引くマートリチェータの『四百讚』.txt  ;  [partial] /home/sebastian/data/dharmanexus-modern-japanese/data/Sasaki-Uno_佐々木恵精-宇野恵教_198805_アートマンにまつわる論争_『四百論』月称釈の和訳研究（II）.txt  ;  [partial] /home/sebastian/data/dharmanexus-modern-japanese/data/Sasaki-Uno_佐々木恵精-宇野恵教_199103_アートマンにまつわる論争_『四百論』月称釈の和訳研究(III).txt  ;  [partial] /home/sebastian/data/dharmanexus-modern-japanese/data/YamagutiandTeramoto_1920a_山口益寺本婉雅_西藏文破我品和訳1.txt  ;  [partial] /home/sebastian/data/dharmanexus-modern-japanese/data/YamagutiandTeramoto_1920b_山口益寺本婉雅_西藏文破我品和訳2.txt
Abhisamayālaṃkārālokā	Prajnaparamita	0	6	yes	[partial] /home/sebastian/data/dharmanexus-modern-japanese/data/Hyodo_兵藤一夫_2010@ハリバドラ『八千頌般若経解説 現観荘厳論光明』試訳(1).txt  ;  [partial] /home/sebastian/data/dharmanexus-modern-japanese/data/Hyodo_兵藤一夫_2010@ハリバドラ『八千頌般若経解説 現観荘厳論光明』試訳(1).txt  ;  [partial] /home/sebastian/data/dharmanexus-modern-japanese/data/Hyodo_兵藤一夫_2013@ハリバドラ『八千頌般若経解説 現観荘厳論光明』試訳(2).txt  ;  [partial] /home/sebastian/data/dharmanexus-modern-japanese/data/Hyodo_兵藤一夫_2013@ハリバドラ『八千頌般若経解説 現観荘厳論光明』試訳(2).txt  ;  [partial] /home/sebastian/data/dharmanexus-modern-japanese/data/Hyodo_兵藤一夫_2013@ハリバドラ『八千頌般若経解説 現觀荘厳論光明』試訳(2).txt  ;  [partial] /home/sebastian/data/dharmanexus-modern-japanese/data/Hyodo_兵藤一夫_2013@ハリバドラ『八千頌般若経解説 現觀荘厳論光明』試訳(2).txt
Abhisamayālaṃkāravṛtti	Other	0	6	yes	[partial] /home/sebastian/data/dharmanexus-modern-japanese/data/Isoda_磯田煕文_1980@Arya-Vimuktisena_Abhisamayalamkara-Vrtti (II).txt  ;  [partial] /home/sebastian/data/dharmanexus-modern-japanese/data/Isoda_磯田煕文_1981b@Arya-Vimuktisena_Abhisamayalamkara-Vrtti (IV).txt  ;  [partial] /home/sebastian/data/dharmanexus-modern-japanese/data/Isoda_磯田煕文_1982b@Arya-Vimuktisena_Abhisamayalamkara-Vrtti (III).txt  ;  [partial] /home/sebastian/data/dharmanexus-modern-japanese/data/Isoda_磯田煕文_1993@Arya Vimuktisena_『Abhisamayalamkaravrtti』第II章 (2).txt  ;  [partial] /home/sebastian/data/dharmanexus-modern-japanese/data/Isoda_磯田煕文_2001＠Arya-Vimuktisena_Abhisamayalamkara-Vrtti第1章 (V).txt  ;  [partial] /home/sebastian/data/dharmanexus-modern-japanese/data/Isoda_磯田熙文_1992a＠Arya Vimuktasena_『Abhisamayalamkaravrtti』第II章(I).txt
Tattvasaṃgraha	Pramana	0	6	yes	[partial] /home/sebastian/data/dharmanexus-modern-japanese/data/Kajiyama_梶山雄一他_1979_真理綱要科研報告.txt  ;  [partial] /home/sebastian/data/dharmanexus-modern-japanese/data/Shiga_志賀浄邦_2007@Tattvasaṃgraha及びTattvasaṃgrahapañjikāー第18章「推理の考察（Anumānaparīkṣā）和訳と訳注（1）」ー.txt  ;  [partial] /home/sebastian/data/dharmanexus-modern-japanese/data/Shiga_志賀浄邦_2008@Tattvasaṃgraha及びTattvasaṃgrahapañjikāー第18章「推理の考察」（Anumānaparīkṣā）和訳と訳注（2）ー.txt  ;  [partial] /home/sebastian/data/dharmanexus-modern-japanese/data/Shiga_志賀浄邦_2009@Tattvasaṃgraha及びTattvasaṃgrahapañjikāー第18章「推理の考察（Anumānaparīkṣā）」和訳と訳注（3）ー.txt  ;  [partial] /home/sebastian/data/dharmanexus-modern-japanese/data/Shiga_志賀浄邦_2015@TattvasamgrahaおよびTattvasamgrahapanjika第21章「三時の考察（Traikalyapariksa）校訂テキストと和訳（kk. 1785-1808）」.txt  ;  [partial] /home/sebastian/data/dharmanexus-modern-japanese/data/Watanabe_渡辺照宏_1967@摂真実論序章の翻訳研究.txt
Pañcaśatikā Prajñāpāramitā	Prajnaparamita	0	5	yes	[partial] /home/sebastian/data/dharmanexus-modern-japanese/data/Fujita_藤田祥道_1995@『五百頌般若経』について―その瑜伽行派的傾向の指摘と試訳―.txt  ;  [partial] /home/sebastian/data/dharmanexus-modern-japanese/data/Fujita_藤田祥道_1996_インド学チベット学研究1@『五百頌般若経』について―試訳(承前)―.txt  ;  [partial] /home/sebastian/data/dharmanexus-modern-japanese/data/Fujita_藤田祥道_1996_インド学チベット学研究1@『五百頌般若経』について―試訳(承前)―.txt  ;  [partial] /home/sebastian/data/dharmanexus-modern-japanese/data/Fujita_藤田祥道_1996@『五百頌般若経』についてー試訳（承前）.txt  ;  [partial] /home/sebastian/data/dharmanexus-modern-japanese/data/Fujita_藤田祥道_1996@『五百頌般若経』について―試訳(承前)―.txt
Abhidharmakośakārikā	Abhidharma	2	3	yes	[full] /home/sebastian/data/dharmanexus-modern-japanese/data/Fukuhara_福原亮厳_1973@倶舎論本頌の研究.txt  ;  [full] /home/sebastian/data/dharmanexus-modern-japanese/data/Jewels From the Treasury_Vasubandhu's Verses on the Treasury of Abhidharma and Its Commentary Youthful Play by the Ninth Karmapa Wangchuk Dorje@Ninth Karmapa Wangchuk Dorje_David Karma Choephel_2012.txt  ;  [partial] /home/sebastian/data/dharmanexus-modern-japanese/data/阿毘達磨倶舎論本頌の研究業品随眠品.txt  ;  [partial] /home/sebastian/data/dharmanexus-modern-japanese/data/阿毘達磨倶舎論本頌の研究界品根品世間品@by each page.txt  ;  [partial] /home/sebastian/data/dharmanexus-modern-japanese/data/阿毘達磨倶舎論本頌の研究界品根品世間品.txt
Satyasiddhiśāstra	Abhidharma	0	5	yes	[partial] /home/sebastian/data/dharmanexus-modern-japanese/data/Ihara_伊原照蓮_1965_SStr1.txt  ;  [partial] /home/sebastian/data/dharmanexus-modern-japanese/data/Ihara_伊原照蓮_1967_SStr2.txt  ;  [partial] /home/sebastian/data/dharmanexus-modern-japanese/data/Ihara_伊原照蓮_1973_SStr3.txt  ;  [partial] /home/sebastian/data/dharmanexus-modern-japanese/data/Ihara_伊原照蓮_1974_SStr4.txt  ;  [partial] /home/sebastian/data/dharmanexus-modern-japanese/data/Ihara_伊原照蓮_1981_SStr5.txt
Nyāyamañjarī	Other	0	5	yes	[partial] /home/sebastian/data/dharmanexus-modern-japanese/data/Kataoka_片岡啓_2004_NM_Agamapramanya.txt  ;  [partial] /home/sebastian/data/dharmanexus-modern-japanese/data/Kataoka_片岡啓_2006_NMjtr_唯識批判.txt  ;  [partial] /home/sebastian/data/dharmanexus-modern-japanese/data/Kataoka_片岡啓_2007_NMjtr_sap2.txt  ;  [partial] /home/sebastian/data/dharmanexus-modern-japanese/data/Kataoka_片岡啓_2007_NMjtr_SAP.txt  ;  [partial] /home/sebastian/data/dharmanexus-modern-japanese/data/Kataoka_片岡啓_200x_NMjtr_唯識批判.txt
Hetubinduṭīkā	Other	0	5	yes	[partial] /home/sebastian/data/dharmanexus-modern-japanese/data/Noriyama_乗山悟_1998@アルチャタの「推理の解明」ーHetubinduṭīkā研究（1）（pp. 1-5）ー.txt  ;  [partial] /home/sebastian/data/dharmanexus-modern-japanese/data/Noriyama_乗山悟_1999@アルチャタの「綱領偈」解釈ーHetubinduṭīkā研究（2）（pp. 6-11, 3）ー.txt  ;  [partial] /home/sebastian/data/dharmanexus-modern-japanese/data/Noriyama_乗山悟_2005-06@アルチャタの「主題所属性論」ーHetubinduṭīkā研究（3）(pp. 11, 4-17, 23.)ー.txt  ;  [partial] /home/sebastian/data/dharmanexus-modern-japanese/data/Noriyama_乗山悟_2009@アルチャタの「遍充論」ーHetubindhuṭīkā研究（4）（pp. 17, 21-21, 10）-.txt  ;  [partial] /home/sebastian/data/dharmanexus-modern-japanese/data/Noriyama_乗山悟_2012@アルチャタの「知覚判断説（1）」ーHetubindutika研究（5）（pp. 21, 11-23, 11）ー.txt
Prajñāpradīpaṭīkā	Madhyamaka	0	4	yes	[partial] /home/sebastian/data/dharmanexus-modern-japanese/data/Akahane et al_赤羽律他_2011@Prajnapradipa-tika第XXIV章テキストと和訳（1）ーanusamdhi＆purvapaksaー.txt  ;  [partial] /home/sebastian/data/dharmanexus-modern-japanese/data/Akahane et al_赤羽律他_2013@Prajnapradipa-tika第XXIV章テキストと和訳（2）―uttarapaksa1ー.txt  ;  [partial] /home/sebastian/data/dharmanexus-modern-japanese/data/Nasu_那須真裕美_1999@Prajnapradipa-tika第24章の試訳.txt  ;  [partial] /home/sebastian/data/dharmanexus-modern-japanese/data/Nasu_那須真裕美_2000@Prajnapradipa-tika第24章の試訳（2）.txt
Tantravārttika	Other	0	4	yes	[partial] /home/sebastian/data/dharmanexus-modern-japanese/data/Harikai_針貝邦生_1989_ZBh_jtr.pdf.txt  ;  [partial] /home/sebastian/data/dharmanexus-modern-japanese/data/Harikai_針貝邦生_1989_ZBh_jtr..txt  ;  [partial] /home/sebastian/data/dharmanexus-modern-japanese/data/Harikai_針貝邦生_1989_ZBh_jtr.txt  ;  [partial] /home/sebastian/data/dharmanexus-modern-japanese/data/Harikai_針貝邦生_2003_TVjtr3.txt
Traikālyaparīkṣā	Pramana	4	0	yes	[full] /home/sebastian/data/dharmanexus-modern-japanese/data/Hattori_服部正明_1951@ディグナーガ及びその周邊の年代―附『三時の考察』和譯―.txt  ;  [full] /home/sebastian/data/dharmanexus-modern-japanese/data/Hattori_服部正明_1951@ディグナーガ及びその周邊の年代―附『三時の考察』和譯―.txt  ;  [full] /home/sebastian/data/dharmanexus-modern-japanese/data/Hattori_服部正明_1961@ディグナーガ及びその周邊の年代―附『三時の考察』和譯―.txt  ;  [full] /home/sebastian/data/dharmanexus-modern-japanese/data/Hattori_服部正明_1961@ディグナーガ及びその周邊の年代―附『三時の考察』和譯―.txt
Abhidharmakośopāyikā	Abhidharma	0	4	yes	[partial] /home/sebastian/data/dharmanexus-modern-japanese/data/Honjyo_本庄良文_1988@シャマタデーヴァの伝へる阿含資料―賢聖品 (1) ―.txt  ;  [partial] /home/sebastian/data/dharmanexus-modern-japanese/data/Honjyo_本庄良文_1988@シャマタデーヴァの伝へる阿含資料―賢聖品 (1) ―.txt  ;  [partial] /home/sebastian/data/dharmanexus-modern-japanese/data/倶舎論註ウパーイカーの研究 訳註篇上_2014@Honjo_本庄良文.txt  ;  [partial] /home/sebastian/data/dharmanexus-modern-japanese/data/倶舎論註ウパーイカーの研究 訳註篇下_2014@Honjo_本庄良文.txt
Satyadvayavibhaṅgavṛtti	Madhyamaka	0	4	yes	[partial] /home/sebastian/data/dharmanexus-modern-japanese/data/Matsushita_松下了宗_1984@ジュニャーナガルバの二諦分別論　和訳研究（上）.txt  ;  [partial] /home/sebastian/data/dharmanexus-modern-japanese/data/Matsushita_松下了宗_1985@ジュニャーナガルバの二諦分別論　和訳研究（下）.txt  ;  [partial] /home/sebastian/data/dharmanexus-modern-japanese/data/Omae_大前太_1998_SVsph_jtr1.txt  ;  [partial] /home/sebastian/data/dharmanexus-modern-japanese/data/Omae_大前太_1998_ZVsph_jtr1.txt
Sarvadharmaniḥsvabhāvasiddhi	Madhyamaka	0	4	yes	[partial] /home/sebastian/data/dharmanexus-modern-japanese/data/Moriyama_森山清徹_1981@カマラシーラの Sarvadharmanihsvabhavasiddhi の和訳研究（1）.txt  ;  [partial] /home/sebastian/data/dharmanexus-modern-japanese/data/Moriyama_森山清徹_1982@カマラシーラの Sarvadharmanihsvabhavasiddhi の和訳研究（2）.txt  ;  [partial] /home/sebastian/data/dharmanexus-modern-japanese/data/Moriyama_森山清徹_1985@An Annotated Translation of Kamalasila’s Sarvadharmanihsvabhavasiddhi, PartVI.txt  ;  [partial] /home/sebastian/data/dharmanexus-modern-japanese/data/Moriyama_森山清徹_1987@カマラシーラの無自性論証とダルマキールティの因果論　Sarvadharmanihsvabhavaの和訳研究（3）.txt
Sphuṭārthā Abhidharmakośavyākhyā	Other	0	4	yes	[partial] /home/sebastian/data/dharmanexus-modern-japanese/data/Odani&Honjo_小谷信千代&本庄良文_2002_『倶舎論世品』本論・満増疏訳注(一).txt  ;  [partial] /home/sebastian/data/dharmanexus-modern-japanese/data/Odani&Honjo_小谷信千代&本庄良文_2004_『倶舎論　世品』本論・満増疏訳注（二）.txt  ;  [partial] /home/sebastian/data/dharmanexus-modern-japanese/data/Odani&Honjo_小谷信千代&本庄良文_2005_『倶舎論 世品』本論・満増疏訳注 (三).txt  ;  [partial] /home/sebastian/data/dharmanexus-modern-japanese/data/Odani&Honjyo_小谷信千代&本庄良文_2004@『倶舍論 世品』本論・満増疏訳注(二).txt
Mahāyānasūtrālaṃkārabhāṣya	Yogacara	0	4	yes	[partial] /home/sebastian/data/dharmanexus-modern-japanese/data/Shimokawabe_下川邊李由_1984@無性造『大乗経荘厳広註』和訳 (1) ―求法品第13～33―.txt  ;  [partial] /home/sebastian/data/dharmanexus-modern-japanese/data/Shimokawabe_下川邊李由_1985@無性造『大乗経荘厳広註』和訳 (2) ―求法品第34～52―.txt  ;  [partial] /home/sebastian/data/dharmanexus-modern-japanese/data/Shimokawabe_下川邊李由_1986@無性造『大乗経荘厳広註』和訳 (3) ―求法品第53～59―.txt  ;  [partial] /home/sebastian/data/dharmanexus-modern-japanese/data/Yaita_矢板秀臣_2007@菩薩の悲（karuna）ー『大乘荘厳経論』安慧釈和訳ー.txt
Abhisamācārikā	Other	0	3	yes	[partial] /home/sebastian/data/dharmanexus-modern-japanese/data/Bikuigihou_比丘威儀法研究会_1998@Abhisamacarika-Dharma_I.txt  ;  [partial] /home/sebastian/data/dharmanexus-modern-japanese/data/Bikuigihou_比丘威儀法研究会_1999@Abhisamacarika-Dharma_II.txt  ;  [partial] /home/sebastian/data/dharmanexus-modern-japanese/data/Nishimura_西村実則_2001@大衆部 説出世部の僧院生活 (2)-『アビサマーチャーリカー』I.四 (和訳)-.txt
Buddhānusmṛtiṭīkā	Other	1	2	yes	[full] /home/sebastian/data/dharmanexus-modern-japanese/data/Nakamikada_中御門敬教_2010@無着作『仏随念註』と『法随念註』和訳研究.txt  ;  [partial] /home/sebastian/data/dharmanexus-modern-japanese/data/Fujinaka_藤仲孝司_2008@世親作『仏随念広註』和訳研究―後半部分・大乗特有の念仏観―.txt  ;  [partial] /home/sebastian/data/dharmanexus-modern-japanese/data/Nakamikado_中御門敬教_2008@世親作『仏随念広註』和訳研究―前半部分・仏十号に基づく三乗共通の念仏観―.txt
Saddharmapuṇḍarīkopadeśa	Yogacara	0	3	yes	[partial] /home/sebastian/data/dharmanexus-modern-japanese/data/Fuji_藤井教公_2001_『法華論』訳注 (1).txt  ;  [partial] /home/sebastian/data/dharmanexus-modern-japanese/data/Fuji_藤井教公_2002_『法華論』訳注 (2).txt  ;  [partial] /home/sebastian/data/dharmanexus-modern-japanese/data/Fuji_藤井教公_2003_『法華論』訳注 (3).txt
Varṇārhavarṇa	Other	1	2	yes	[full] /home/sebastian/data/dharmanexus-modern-japanese/data/Tsurukame_鶴亀裕子_1990@マートリチェータ作賞賛にふさわしいお方への賞賛の歌.txt  ;  [partial] /home/sebastian/data/dharmanexus-modern-japanese/data/Hara_原実_1993@「Matrceta　四百讚」より_塚本啓祥教授還暦記念論文集―知の邂逅.txt  ;  [partial] /home/sebastian/data/dharmanexus-modern-japanese/data/Hara_原実_1993_塚本啓祥教授還暦記念論文集 知の邂逅-仏教と科学@「Matrceta 四百讃」より.txt
Abhidharmadīpa	Abhidharma	0	3	yes	[partial] /home/sebastian/data/dharmanexus-modern-japanese/data/Honjo_本庄良文_2016@陳那作『アビダルマ要義燈』世品 (2).txt  ;  [partial] /home/sebastian/data/dharmanexus-modern-japanese/data/Honjo_本庄良文_2016@陳那作『アビダルマ要義燈』世品 (2).txt  ;  [partial] /home/sebastian/data/dharmanexus-modern-japanese/data/Mitomo_三友健容_2001@『アビダルマのともしび』第二章根品翻訳研究 (1).txt  ;  [unknown] /home/sebastian/data/dharmanexus-modern-japanese/data/Mitomo_三友健容_2007@Abhidharmadipa_translation.txt
Saṃyuktāgama	Agama-Nikaya	0	3	yes	[partial] /home/sebastian/data/dharmanexus-modern-japanese/data/Hosoda_細田典明_1989@梵文『雑阿含経』仏所説品外道相応（II）.txt  ;  [partial] /home/sebastian/data/dharmanexus-modern-japanese/data/Hosoda_細田典明_1991@梵文『雑阿含経』仏所説品外道相応（III）.txt  ;  [partial] /home/sebastian/data/dharmanexus-modern-japanese/data/Hosoda_細田典明_2015@梵文『雑阿含』道品「偈頌・要句集」（1）―TT VIII A lines 1-7―.txt
Madhyamakālaṃkāra	Madhyamaka	2	1	yes	[full] /home/sebastian/data/dharmanexus-modern-japanese/data/Ichigo_一郷正道_1985＠Madhyamakalamkara.txt  ;  [full] /home/sebastian/data/dharmanexus-modern-japanese/data/Ichigo_一郷正道_1985＠『中観荘厳論の研究　シャーンタラクシタの思想』.txt  ;  [partial] /home/sebastian/data/dharmanexus-modern-japanese/data/Moriyama_森山清徹_2000@カマラシーラの自立論証としての無自性論証とダルマキールティの推理論　MA和訳研究.txt
Vākyapadīya	Other	0	3	yes	[partial] /home/sebastian/data/dharmanexus-modern-japanese/data/Ihara_伊原照蓮_1993_Vakyapadiya.txt  ;  [partial] /home/sebastian/data/dharmanexus-modern-japanese/data/Ogawa_小川英世_2011_VP3.7.67-9.txt  ;  [partial] /home/sebastian/data/dharmanexus-modern-japanese/data/Ogawa_小川英世_2013_VP3.7.70.txt
Tattvasaṃgrahapañjikā	Pramana	0	3	yes	[partial] /home/sebastian/data/dharmanexus-modern-japanese/data/Ishibashi_石橋栄_1993@tattvasamgraha-panjika　試訳.txt  ;  [partial] /home/sebastian/data/dharmanexus-modern-japanese/data/Naito_内藤昭文_2003@TSP (K.328-K.335) の和訳研究と研究ノート-ウパニシャッド論者の構想するアートマン説批判-.txt  ;  [partial] /home/sebastian/data/dharmanexus-modern-japanese/data/Simizu_清水公庸_1983_南都佛教51@因果をめぐる論争 TSP. Karmaphalasambandhapariksa試訳.txt
Buddhapālitamūlamadhyamakavṛtti	Madhyamaka	0	3	yes	[partial] /home/sebastian/data/dharmanexus-modern-japanese/data/Okuzumi_奥住毅_1979@ブッダパーリタ根本中註釈書第一章和訳.txt  ;  [partial] /home/sebastian/data/dharmanexus-modern-japanese/data/Okuzumi_奥住毅_1980@ブッダパーリタ根本中註釈書第一章和訳.txt  ;  [partial] /home/sebastian/data/dharmanexus-modern-japanese/data/Okuzumi_奥住毅_2000@『ブッダパーリタ中論注釈書』第十八章（「我と法との考察」）和訳.txt
Laṅkāvatārasūtra	Mahayana-sutra	0	3	yes	[partial] /home/sebastian/data/dharmanexus-modern-japanese/data/Suganuma_菅沼晃_1977@入楞伽経三万六千一切法集品訳註（1）.txt  ;  [partial] /home/sebastian/data/dharmanexus-modern-japanese/data/Suganuma_菅沼晃_1978@入楞伽経三万六千一切法集品訳註（3）.txt  ;  [partial] /home/sebastian/data/dharmanexus-modern-japanese/data/Suganuma_菅沼晃_1981＠入楞伽経無常性品・現観品・如來常無常品・変化品訳註.txt
Sūtrālaṃkārapiṇḍārtha	Other	3	0	yes	[full] /home/sebastian/data/dharmanexus-modern-japanese/data/Sukenobu_資延恭敏_1974@Sutralamkara-Pindartha(荘厳経論総義)の和訳と研究.txt  ;  [full] /home/sebastian/data/dharmanexus-modern-japanese/data/Sukenobu_資延恭敏_1974@Sutralankara-Pindartha (荘厳経論総義) の和訳と研究.txt  ;  [full] /home/sebastian/data/dharmanexus-modern-japanese/data/Sukenobu_資延恭敏_1974_密教文化107@Sutralankara-Pindartha（荘厳経論総義）の和訳と研究.txt
Triṃśikāṭīkā	Other	0	3	yes	[partial] /home/sebastian/data/dharmanexus-modern-japanese/data/Takigawa et al_瀧川郁久ほか_2013@ヴィニータデーヴァの『唯識三十頌複註』（1）.txt  ;  [partial] /home/sebastian/data/dharmanexus-modern-japanese/data/Takigawa et al_瀧川郁久ほか_2014@ヴィニータデーヴァの『唯識三十頌複註』（2）.txt  ;  [partial] /home/sebastian/data/dharmanexus-modern-japanese/data/Takigawa et al_瀧川郁久ほか_2016@ヴィニータデーヴァの『唯識三十頌複註』（3）.txt
Karmaprajñapti	Abhidharma	0	2	yes	[partial] /home/sebastian/data/dharmanexus-modern-japanese/data/Aohara_青原令知_2012@『業施設』和訳研究（2）―第一章第二節～第二章―.txt  ;  [partial] /home/sebastian/data/dharmanexus-modern-japanese/data/Aohara_青原令知_2013@『業施設』和訳研究(3)―第3章～第5章―.txt
Yogaviṃśikā	Other	2	0	yes	[full] /home/sebastian/data/dharmanexus-modern-japanese/data/Asano_浅野玄誠_2005@ヨーガに関する20の偈頌（Yogavimsika）.txt  ;  [full] /home/sebastian/data/dharmanexus-modern-japanese/data/Asano_浅野玄誠_2005@ヨーガに関する20の偈頌（Yogavimsika）.txt
Dharmadharmatāvibhaṅga	Yogacara	2	0	yes	[full] /home/sebastian/data/dharmanexus-modern-japanese/data/Dharmadharmatavighanga_Nozawa.txt  ;  [full] /home/sebastian/data/dharmanexus-modern-japanese/data/Distinguishing Dharma and Dharmata_by Asanga and Maitreya with a commentary by Thrangu Rinpoche Geshe Lharampa@Levinsion, Jules_1999.txt
Kāraṇaprajñapti	Abhidharma	0	2	yes	[partial] /home/sebastian/data/dharmanexus-modern-japanese/data/Fukuda_福田琢_2007@加藤清遺稿　蔵文和訳『因施設』(1).txt  ;  [partial] /home/sebastian/data/dharmanexus-modern-japanese/data/Fukuda_福田琢_2012@加藤清遺稿　蔵文和訳『因施設』(2).txt
Abhidharmasamuccayabhāṣya	Other	2	0	yes	[full] /home/sebastian/data/dharmanexus-modern-japanese/data/Funahashi_舟橋尚哉_1995@大乗阿毘達磨集論 (Abhidharmasamuccaya) とAbhidharmasamuccaya-bhasyaの和訳並びに研究.txt  ;  [full] /home/sebastian/data/dharmanexus-modern-japanese/data/Funahashi_舟橋尚哉_1995@大乗阿毘達磨集論 (Abhidharmasamuccaya) とAbhidharmasamuccaya-bhasyaの和訳並びに研究.txt
Ānāpānasmṛtisūtra	Agama-Nikaya	0	2	yes	[partial] /home/sebastian/data/dharmanexus-modern-japanese/data/Guohuei, SHIN_釈果暉_2013@安世高訳『佛説大般守意經』の訳注研究(1).txt  ;  [partial] /home/sebastian/data/dharmanexus-modern-japanese/data/Guohuei_釋果暉_2014@安世高訳『佛説大安般守意經』の訳注研究 (2).txt
Saṃskṛtāsaṃskṛtaviniścaya	Other	0	2	yes	[partial] /home/sebastian/data/dharmanexus-modern-japanese/data/Hayashi_林隆嗣_2008@アバヤギリ派の五蘊・十二処・十八界―『有為無為決択』第13章―.txt  ;  [partial] /home/sebastian/data/dharmanexus-modern-japanese/data/Hayashi_林隆嗣_2008@アバヤギリ派の五蘊・十二処・十八界―『有為無為決択』第13章―.txt
Triṃśikāvijñaptimātratā	Other	2	0	yes	[full] /home/sebastian/data/dharmanexus-modern-japanese/data/Hirosawa Takayuki_『唯識三十頌』を読む_廣澤隆之.txt  ;  [full] /home/sebastian/data/dharmanexus-modern-japanese/data/世親唯識の原典解明　山口益・野澤静証.txt
Saundarananda	Stotra-Kavya	0	2	yes	[partial] /home/sebastian/data/dharmanexus-modern-japanese/data/Honjo_本庄良文_1993@馬鳴作『サウンダラナンダ』第13章, 22-26.txt  ;  [partial] /home/sebastian/data/dharmanexus-modern-japanese/data/Honjo_本庄良文_1993@馬鳴作『サウンダラナンダ』第13章, 22-26.txt
Madhyamakālaṃkārapañjikā	Madhyamaka	0	2	yes	[partial] /home/sebastian/data/dharmanexus-modern-japanese/data/Ichigo_一郷正道_1972@『中観荘厳論註』の和訳研究（1）.txt  ;  [partial] /home/sebastian/data/dharmanexus-modern-japanese/data/Ichigo_一郷正道_1972@『中観荘厳論註』の和訳研究（2）.txt
Abhidharmaprakaraṇabhāṣya	Other	0	2	yes	[partial] /home/sebastian/data/dharmanexus-modern-japanese/data/Imanishi_1975_Fragmente_des_Abhidharmaprakaranabhasyam_in_Text_und_Ubersetzung.txt  ;  [partial] /home/sebastian/data/dharmanexus-modern-japanese/data/Imanishi_1975_Fragmente.txt
Nyāyakusumāñjali	Other	0	2	yes	[partial] /home/sebastian/data/dharmanexus-modern-japanese/data/Ishitobi_石飛貞典 石飛道子_1989@中世インドの主宰神論証-ウダヤナ『ニヤーヤ・クースマンジャリ』試訳（1）-.txt  ;  [partial] /home/sebastian/data/dharmanexus-modern-japanese/data/Ishitobi_石飛貞典 石飛道子_1989@中世インドの主宰神論証-ウダヤナ『ニヤーヤ・クースマンジャリ』試訳（1）-.txt
Śuddhamatī	Other	0	2	yes	[partial] /home/sebastian/data/dharmanexus-modern-japanese/data/Isoda_磯田煕文_1991b@Ratnakarasanti, 『Suddhamati』第II章 (1)_伊原照蓮博士古稀記念論文集.txt  ;  [partial] /home/sebastian/data/dharmanexus-modern-japanese/data/Isoda_磯田煕文_1992b@Ratnakarasanti, 『Suddhamati』第II章 (2).txt
Śayanāsanavastu	Vinaya	0	2	yes	[partial] /home/sebastian/data/dharmanexus-modern-japanese/data/Iwata_岩田朋子_2011@出家者の修行場所ー『根本説一切有部毘奈耶臥坐具事』Sayanasanavastuの和訳（1）ー.txt  ;  [partial] /home/sebastian/data/dharmanexus-modern-japanese/data/Iwata_岩田朋子_2012@出家者の修行場所ー『根本説一切有部毘奈耶臥坐具事』Sayanasanavastuの和訳（2）ー.txt
Arthapada	Other	0	2	yes	[partial] /home/sebastian/data/dharmanexus-modern-japanese/data/Kaji_加治洋一_2014@支謙譯『義足経』解読研究(一).txt  ;  [partial] /home/sebastian/data/dharmanexus-modern-japanese/data/Kaji_加治洋一_2016@支謙訳『義足経』解読研究 (三).txt
Īśvaravāda	Other	0	2	yes	[partial] /home/sebastian/data/dharmanexus-modern-japanese/data/Kano_狩野恭_1995@ジュニャーナシュリーミトラの『主宰神論』前主張の研究（上）.txt  ;  [partial] /home/sebastian/data/dharmanexus-modern-japanese/data/Kano_狩野恭_1997@ジュニャーナシュリーミトラの『主宰神論』前主張の研究（下）.txt
Mahāyānasaṃgrahabhāṣya	Yogacara	0	2	yes	[partial] /home/sebastian/data/dharmanexus-modern-japanese/data/Katano_片野道雄_1976@無住涅槃としての転依―無性造「摂大乗論註」第九章の解読―.txt  ;  [partial] /home/sebastian/data/dharmanexus-modern-japanese/data/Katano_片野道雄_1978@無性造「摂大乗論註」序章の解読.txt  ;  [unknown] /home/sebastian/data/dharmanexus-modern-japanese/data/Nagao_長尾雅人_1942_摂大乗論世親釈.txt
Subodhālaṅkāra	Other	0	2	yes	[partial] /home/sebastian/data/dharmanexus-modern-japanese/data/Katayama_片山一良subodhalankaraパーリ修辞論上.txt  ;  [partial] /home/sebastian/data/dharmanexus-modern-japanese/data/Katayama_片山一良subodhalankaraパーリ修辞論下.txt
Saddharmapuṇḍarīkavṛtti	Other	0	2	yes	[partial] /home/sebastian/data/dharmanexus-modern-japanese/data/Mochiduki_望月海慧_2014@チベット語訳『妙法蓮華註』「見宝塔品」和訳.txt  ;  [partial] /home/sebastian/data/dharmanexus-modern-japanese/data/Mochizuki_望月海慧_2014@チベット語訳『妙法蓮華註』「授記品」和訳.txt
Saddharmapuṇḍarīkasūtra	Mahayana-sutra	0	2	yes	[partial] /home/sebastian/data/dharmanexus-modern-japanese/data/Nishi_西康友_2013@中央アジア系写本の梵文「法華経」訳注研究―Upama-parivarta―.txt  ;  [partial] /home/sebastian/data/dharmanexus-modern-japanese/data/Nishi_西康友_2014@中央アジア系写本の梵文「法華経」訳注研究―Upama-privarta (2)―.txt
Śrīparamādya	Other	0	2	yes	[partial] /home/sebastian/data/dharmanexus-modern-japanese/data/Risyukokyo_『理趣広経』の翻訳研究会_2013@Sriparamadya校訂テクスト第1章.txt  ;  [partial] /home/sebastian/data/dharmanexus-modern-japanese/data/Risyukokyo_『理趣広経』の翻訳研究会_2014@Sriparamadya校訂テクスト第2章・第3章.txt
Kumārasambhava	Other	0	2	yes	[partial] /home/sebastian/data/dharmanexus-modern-japanese/data/Sotozono_1988_クマーラサンバヴァ（上）.txt  ;  [partial] /home/sebastian/data/dharmanexus-modern-japanese/data/Sotozono_1988_クマーラサンバヴァ（下）.txt
Mūlamadhyamakakārikā	Madhyamaka	0	2	yes	[partial] /home/sebastian/data/dharmanexus-modern-japanese/data/Tachikawa_立川武蔵_2015@『中論』第2章訳注（1）.txt  ;  [partial] /home/sebastian/data/dharmanexus-modern-japanese/data/Yasui_安井広済_1974_仏教學セミナー20@中観学説における業の理解-『中論』第十七章「業と果の考察」の研究-.txt
Ratnagotravibhāgavyākhyā	Other	2	0	yes	[full] /home/sebastian/data/dharmanexus-modern-japanese/data/Trans_Ratnagotravibhaagavyaakhyaa_Takasaki.txt  ;  [full] /home/sebastian/data/dharmanexus-modern-japanese/data/Trans_RatnaGotraVibhaagavyaakhyaa_Takasaki.txt
Catuḥśatakaṭīkā	Madhyamaka	0	2	yes	[partial] /home/sebastian/data/dharmanexus-modern-japanese/data/Uno_宇野恵教_198506_『四百論』月称釈の和訳研究（I）.txt  ;  [partial] /home/sebastian/data/dharmanexus-modern-japanese/data/Uno_宇野恵教_199803_アートマンにまつわる論争_『四百論月称釈』の和訳研究（IV）.txt
Viṃśatikāṭīkā	Yogacara	0	2	yes	[partial] /home/sebastian/data/dharmanexus-modern-japanese/data/Yamaguchi_山口益_1950a@唯誠二十論の原典解釈―調伏天造「二十論釈疏」訳解―.txt  ;  [partial] /home/sebastian/data/dharmanexus-modern-japanese/data/Yamaguchi_山口益_1950b@唯識二十論の原典解釈 (承前完結)―調伏天造「二十論釈疏」訳解―.txt
Yogabindu	Other	0	1	yes	[partial] /home/sebastian/data/dharmanexus-modern-japanese/data/Asano_浅野玄誠_2000b@Yogabindu訳註（1）.txt
Abhidharmanyāyānusāra	Abhidharma	0	1	yes	[partial] /home/sebastian/data/dharmanexus-modern-japanese/data/Collett Cox Disputed Dharmas Early Buddhist Theories on Existence An Annotated Translation of the Section on Factors Dissociated from Thought from Sanghabhadra.txt
Kāruṇikārājā Prajñāpāramitāsūtra	Other	1	0	yes	[full] /home/sebastian/data/dharmanexus-modern-japanese/data/Conze_ 1973@The Sutra on Perfect Wisdom which explains how Benevolent Kings may Protect their Countries.txt
Saṅghānusmṛtivyākhyā	Other	1	0	yes	[full] /home/sebastian/data/dharmanexus-modern-japanese/data/Fujinaka_藤仲孝司_2010@無着作『僧隨念註』和訳研究.txt
Dharmasaṃgraha	Other	0	1	yes	[partial] /home/sebastian/data/dharmanexus-modern-japanese/data/Hakamaya_袴谷憲昭_1979_駒澤大学佛教学部論集10@Dharmasamgraha和訳（I）.txt
Dīrghāgama	Agama-Nikaya	0	1	yes	[partial] /home/sebastian/data/dharmanexus-modern-japanese/data/Hartmann, Jens-Uwe_1989@Fragmente aus dem Dirghagama der Sarvastivadins.txt
Pratītyasamutpādavyākhyā	Yogacara	0	1	yes	[partial] /home/sebastian/data/dharmanexus-modern-japanese/data/Horiuchi_堀内俊郎_2016@『縁起経釈論』の「生」「老死」解釈訳注.txt
Bhāvanākrama	Madhyamaka	1	0	yes	[full] /home/sebastian/data/dharmanexus-modern-japanese/data/Ichigo_一郷正道_2011_Bhavanakrama_科研報告書@『修習次第』.txt
Antarvyāptisamarthana	Pramana	1	0	yes	[full] /home/sebastian/data/dharmanexus-modern-japanese/data/Kajiyama_梶山雄一_1989@ラトナーカラシャーンティ内遍充論.txt
Aṣṭasāhasrikā Prajñāpāramitā	Prajnaparamita	0	1	yes	[partial] /home/sebastian/data/dharmanexus-modern-japanese/data/Kajiyoshi_梶芳光運_1980@種姓品_原始般若経の研究 その一_大乗仏教の成立史的研究.txt
Abhidhānottaratantra	Other	1	0	yes	[full] /home/sebastian/data/dharmanexus-modern-japanese/data/Kalff-Abhidhanottara.txt
Tarkabhāṣā	Pramana	1	0	yes	[full] /home/sebastian/data/dharmanexus-modern-japanese/data/Kanakura_金倉圓照_1950_Tarkabhasa.txt
Dharmadhātustava	Tathagatagarbha	0	1	yes	[partial] /home/sebastian/data/dharmanexus-modern-japanese/data/Kano_加納和雄_2015@梵文和訳『讚法界頌』1-51頌.txt
Vajrasattvasādhana	Tantra	0	1	yes	[partial] /home/sebastian/data/dharmanexus-modern-japanese/data/Kano_加納和雄_2017@梵文和訳チャンドラキールティ著『金剛薩った成就法』 (下) .txt
Āgamadambara	Other	0	1	yes	[partial] /home/sebastian/data/dharmanexus-modern-japanese/data/Kataoka_片岡啓_2004_Agamadanbara_jtr.txt
Abhisamayālaṃkāra	Prajnaparamita	0	1	yes	[partial] /home/sebastian/data/dharmanexus-modern-japanese/data/Kelsang&Fujinaka_ツルティム・ケサン&藤仲孝司_2015@タルマリンチェン著『現観荘厳論の釈・心髄荘厳』第1章より「順決択分」の和訳研究.txt
Anityatāsūtra	Other	1	0	yes	[full] /home/sebastian/data/dharmanexus-modern-japanese/data/Kimura_木村高尉_1985_壬生台舜博士頌寿記念 仏教の歴史と思想@無常経.txt
Caryāgīti	Other	1	0	yes	[full] /home/sebastian/data/dharmanexus-modern-japanese/data/Kitada_北田信_2008＠ベンガルの詩的象徴_吟遊詩人バウルと古ベンガル語の仏教賛歌集.txt
Vajrapāṇyabhiṣekatantra	Other	0	1	yes	[partial] /home/sebastian/data/dharmanexus-modern-japanese/data/Komai_駒井信勝_2018@Vajrapanyabhisekatantra「金剛灌頂品」～チベット語訳校合テキストおよび和訳註～.txt
Padminī	Other	0	1	yes	[partial] /home/sebastian/data/dharmanexus-modern-japanese/data/Kuranishi_倉西憲一_2014@Padmini第13章_校訂テクストおとび註 (1).txt
Kāyattrayāvatāra	Other	0	1	yes	[partial] /home/sebastian/data/dharmanexus-modern-japanese/data/Li, 李学竹_2015@印仏研配布資料_Munimatalamkaraにおける『入三身論』引用四か所の翻刻と試訳.txt
Brahmajālasūtra	Agama-Nikaya	1	0	yes	[full] /home/sebastian/data/dharmanexus-modern-japanese/data/Maeda_前田崇_1992@チベット譯『梵網經盧舍那佛説菩薩心地戒品』.txt
Gaṇḍavyūhasūtra	Mahayana-sutra	0	1	yes	[partial] /home/sebastian/data/dharmanexus-modern-japanese/data/Mano_真野龍海_2001@梵文『入法界品』第21 22章 (試訳).txt
Madhyāntavibhāgaṭīkā	Yogacara	0	1	yes	[partial] /home/sebastian/data/dharmanexus-modern-japanese/data/Matsuoka_松岡寛子_2006_比較論理学研究4_スティラマティ著『中辺分別論疏』「帰敬偈」のテクスト校訂及び和訳.txt
Aparimitāyurjñānahṛdayadhāraṇī	Tantra	1	0	yes	[full] /home/sebastian/data/dharmanexus-modern-japanese/data/Mimaki_御牧克己_1984b@大乗無量寿宗要経.txt
Bāhyārthasiddhi	Yogacara	0	1	yes	[partial] /home/sebastian/data/dharmanexus-modern-japanese/data/Mimaki_御牧克己_1989@シュブハグプタの『外界成就偈』第59-60偈.txt
Pañcaskandhaprakaraṇavaibhāṣya	Abhidharma	1	0	yes	[full] /home/sebastian/data/dharmanexus-modern-japanese/data/Minoura_箕浦暁雄_スティラマティ『五蘊論釈』-和訳-.txt
Ratnāvalī	Madhyamaka	1	0	yes	[full] /home/sebastian/data/dharmanexus-modern-japanese/data/Miyasaka_宮坂宥勝_1983@梵蔵漢対照ラトナーヴァリー (宝行王正論).txt
Madhyamakopadeśaratnakośanda	Madhyamaka	1	0	yes	[full] /home/sebastian/data/dharmanexus-modern-japanese/data/Miyazaki_宮崎泉_2007@『中観優波提舎開宝篋』テキスト・訳注.txt
Madhyamakālaṃkāravṛtti	Madhyamaka	0	1	yes	[partial] /home/sebastian/data/dharmanexus-modern-japanese/data/Moriyama_護山真也_2014@ラトナーカラシャーンティのプラマーナ論に関する一資料―Madhyamakalankaravrtti ad Madhyamakalankara vv. 32-40和訳研究―.txt
Mañjuśrībuddhakṣetraguṇavyūhasūtra	Other	0	1	yes	[partial] /home/sebastian/data/dharmanexus-modern-japanese/data/Nakamikado_中御門敬教_2014@文殊菩薩の浄土経典―蔵訳〈文殊師利仏土厳浄経〉第一函の翻訳研究―.txt
Nyāyabindu	Pramana	1	0	yes	[full] /home/sebastian/data/dharmanexus-modern-japanese/data/Nakamura_中村元_1981-Nyaaya-bindu.txt
Aṭṭhakavagga	Agama-Nikaya	0	1	yes	[partial] /home/sebastian/data/dharmanexus-modern-japanese/data/Nakatani_中谷英明_2014@洞窟八詩篇訳注―八頌品（はちじゅぼん）の研究―.txt
Kunālāvadāna	Other	0	1	yes	[partial] /home/sebastian/data/dharmanexus-modern-japanese/data/Okamoto_岡本健資_1999@クナーラ王子の物語ーKu-na-la'i rtogs pa brjod pa試訳（1）ー.txt
Divyāvadāna	Avadana-Jataka	0	1	yes	[partial] /home/sebastian/data/dharmanexus-modern-japanese/data/Okamoto_岡本健資_2003-04@Divyāvadāna第26章所収ウパグプタの物語試訳ー猿の瞑想・娼婦への教化・マーラへの教化ー.txt
Saṅgītaratnākara	Other	0	1	yes	[partial] /home/sebastian/data/dharmanexus-modern-japanese/data/Okazaki_岡崎康浩_2010@サンギータラトナーカラ第1章試訳・その3.txt
Bodhisattvaprātimokṣasūtra	Vinaya	1	0	yes	[full] /home/sebastian/data/dharmanexus-modern-japanese/data/Okimoto_沖本克己_1972@Bodhisattva Pratimoksa.txt
Prajñāpāramitāpiṇḍārthasaṃgraha	Other	1	0	yes	[full] /home/sebastian/data/dharmanexus-modern-japanese/data/otake_大竹晋_2009@仏母般若波羅多円集要義釈論.txt
Sādhanamālā	Other	0	1	yes	[partial] /home/sebastian/data/dharmanexus-modern-japanese/data/Sakuma_佐久間留理子_2015@般若波羅蜜成就法の研究―バッタチャルヤ校訂本『サーダナ・マーラー』151, 159番を中心に―.txt
Saṃyuktābhidharmahṛdaya	Abhidharma	0	1	yes	[partial] /home/sebastian/data/dharmanexus-modern-japanese/data/Samyuktabhidharmahrdaya. Part 1. Translation.txt
Kāśyapaparivartaṭīkā	Other	0	1	yes	[partial] /home/sebastian/data/dharmanexus-modern-japanese/data/Sasaki_佐々木雅敏_1974@『大宝積経論（カーシャパの章の註釈）』―「カーシャパの章」の序に対する註釈までの試訳―.txt
Yuktidīpikā	Other	0	1	yes	[partial] /home/sebastian/data/dharmanexus-modern-japanese/data/Shiga_and_Shida_志賀浄邦_志田秦盛_Yuktidipika_87_18-18_(ad_SK_6ab)和訳と注解_インド学チベット学研究_15_2012.txt
Anban shouyi jing	Other	1	0	yes	[full] /home/sebastian/data/dharmanexus-modern-japanese/data/Shin, Guohuei_釋果暉_2016@安世高訳『佛説大安般守意經』の訳注研究.txt
Niṣpannayogāvalī	Other	0	1	yes	[partial] /home/sebastian/data/dharmanexus-modern-japanese/data/Tachikawa_立川武蔵_2014@『完成せるヨーガの環』第24章「五ダーカ・マンダラ」和訳.txt
Ratnagotravibhāga	Tathagatagarbha	1	0	yes	[full] /home/sebastian/data/dharmanexus-modern-japanese/data/Takasaki_高崎直道_1989_宝性論_インド古典叢書.txt
Tantrāloka	Other	0	1	yes	[partial] /home/sebastian/data/dharmanexus-modern-japanese/data/Takashima_高島淳_2014＠Vikalpaの浄化とSattarka―Tantraloka4.1-32 和訳―.txt
Dhammapada-aṭṭhakathā	Avadana-Jataka	0	1	yes	[partial] /home/sebastian/data/dharmanexus-modern-japanese/data/Tanabe_田辺和子_2014@ダンマパダ註釈書『双神変物語』和訳.txt
Buddhabhūmisūtra	Other	1	0	yes	[full] /home/sebastian/data/dharmanexus-modern-japanese/data/The Buddhabhumi-sutra and Vyakhyana_Kyoo_Nishio_.txt
Nyāyabindupūrvapakṣesaṃkṣipta	Other	0	1	yes	[partial] /home/sebastian/data/dharmanexus-modern-japanese/data/Tosaki_戸崎宏正_1984@Kamalasila作Nyayabindupurvapaksesamksipta-現量章のテキストと和訳-.txt
Pramāṇaviniścaya	Pramana	0	1	yes	[partial] /home/sebastian/data/dharmanexus-modern-japanese/data/Tosaki_戸崎宏正_1990_PVin1_jtr6.txt
Trisvabhāvanirdeśa	Yogacara	1	0	yes	[full] /home/sebastian/data/dharmanexus-modern-japanese/data/Trisvabhavakarika_Yamaguchi.txt
Ṣaṇmukhīdhāraṇī	Other	1	0	yes	[full] /home/sebastian/data/dharmanexus-modern-japanese/data/Ui_宇井伯壽_1963@六門教授習定論―国訳並びに註記―.txt
Prajñāpāramitopadeśa	Madhyamaka	1	0	yes	[full] /home/sebastian/data/dharmanexus-modern-japanese/data/Umino_海野孝憲_1993_Prajnaparamitopadesaの和訳解説.txt
Aṣṭakaprakaraṇa	Other	0	1	yes	[partial] /home/sebastian/data/dharmanexus-modern-japanese/data/Uno_宇野智行_2014@飲酒の弊害：Astakaprakarana第19章翻訳研究.txt
Bodhicaryāvatāra	Madhyamaka	0	1	yes	[partial] /home/sebastian/data/dharmanexus-modern-japanese/data/Yaita_矢板秀臣_2009@菩薩の奴僕行ー『入菩提行論』第三章の研究ー.txt
Ṛgveda	Other	0	1	yes	[partial] /home/sebastian/data/dharmanexus-modern-japanese/data/Yamada (2009) Rgveda VI.61 Sarasvatī讃歌.txt
Viṣṇupurāṇa	Other	0	1	yes	[partial] /home/sebastian/data/dharmanexus-modern-japanese/data/Yamada (2014) 裸者（nagna）の考察—『ヴィシュヌ・プラーナ』第3巻第17-18章を中心に.txt
Madhyāntavibhāgabhāṣya	Yogacara	1	0	yes	[full] /home/sebastian/data/dharmanexus-modern-japanese/data/Yamaguchi_山口益_1937_破塵閣書房@漢蔵対照 辯中邊論　附 中邊分別論釋疏梵文索引.txt
Nyāyabhūṣaṇa	Other	0	1	yes	[partial] /home/sebastian/data/dharmanexus-modern-japanese/data/Yamakami_山上證道_2017@Bhasarvajnaの認識手段 (pramana) の分類と知覚 (pratyaksa) の考察-NBhus p. 79, l. 20-p. 94, l. 08の和訳-.txt
Pratyekabuddhabhūmi	Other	1	0	yes	[full] /home/sebastian/data/dharmanexus-modern-japanese/data/Yonezawa_米沢嘉康_1998@Pratyekabuddhabhumi_Sanskrit Text and Annotated Translation.txt
Vimalakīrtinirdeśasūtra	Mahayana-sutra	0	1	yes	[partial] /home/sebastian/data/dharmanexus-modern-japanese/data/Yonezawa_米澤嘉康_2015@維摩の文殊に対する最初の挨拶―梵文『維摩経』第4章第4節覚書―.txt
Pramāṇasamuccayaṭīkā	Pramana	0	1	yes	[partial] /home/sebastian/data/dharmanexus-modern-japanese/data/Yoshida_吉田哲_2011@Pramanasamuccayatika第一章（ad PS I 3c-5＆PSV）和訳.txt
Bṛhadāraṇyaka Upaniṣad	Other	0	1	yes	[partial] /home/sebastian/data/dharmanexus-modern-japanese/data/Yuda_湯田豊_1983_BAU_I-5-1~6-3.txt
Abhidhammatthasaṅgaha	Abhidharma	1	0	yes	[full] /home/sebastian/data/dharmanexus-modern-japanese/data/アビダンマッタサンガハ. 南方仏教哲学教義概説.txt
Vijñaptimātratāsiddhi	Yogacara	1	0	yes	[full] /home/sebastian/data/dharmanexus-modern-japanese/data/成唯識論_国訳一切経.txt
Arthaviniścayasūtra	Abhidharma	1	0	yes	[full] /home/sebastian/data/dharmanexus-modern-japanese/data/本庄良文_梵文和譯 決定義經・註_京都_1989.txt
Triṃśikāvijñaptibhāṣya	Yogacara	1	0	yes	[full] /home/sebastian/data/dharmanexus-modern-japanese/data/荻原訳唯識三十頌釈.txt
Vigrahavyāvartanī	Madhyamaka	0	0	yes	[unknown] /home/sebastian/data/dharmanexus-modern-japanese/data/Shimizu_清水仁_2014@龍谷卒論『廻諍論』の研究.txt
